"(1,R1)","(2,R1)","(3,R1)","(1,R2)","(2,R2)","(3,R2)","(1,R3)","(2,R3)","(3,R3)"
1,0,0,0,0,0,0,0,0
1,0,0,0,0,0,0,0,0
1,0,0,0,0,0,0,0,0
1,0,0,0,0,0,0,0,0
1,0,0,0,0,0,0,0,0
1,0,0,0,0,0,0,0,0
1,0,0,0,0,0,0,0,0
1,0,0,0,0,0,0,0,0
1,0,0,0,0,0,0,0,0
1,0,0,0,0,0,0,0,0
1,0,0,0,0,0,0,0,0
1,0,0,0,0,0,0,0,0
1,0,0,0,0,0,0,0,0
1,0,0,0,0,0,0,0,0
1,0,0,0,0,0,0,0,0
1,0,0,0,0,0,0,0,0
1,0,0,0,0,0,0,0,0
1,0,0,0,0,0,0,0,0
1,0,0,0,0,0,0,0,0
1,0,0,0,0,0,0,0,0
1,0,0,0,0,0,0,0,0
0,0,0,0,1,0,0,0,0
1,0,0,0,0,0,0,0,0
1,0,0,0,0,0,0,0,0
1,0,0,0,0,0,0,0,0
1,0,0,0,0,0,0,0,0
1,0,0,0,0,0,0,0,0
1,0,0,0,0,0,0,0,0
1,0,0,0,0,0,0,0,0
1,0,0,0,0,0,0,0,0
1,0,0,0,0,0,0,0,0
1,0,0,0,0,0,0,0,0
1,0,0,0,0,0,0,0,0
1,0,0,0,0,0,0,0,0
1,0,0,0,0,0,0,0,0
1,0,0,0,0,0,0,0,0
1,0,0,0,0,0,0,0,0
1,0,0,0,0,0,0,0,0
1,0,0,0,0,0,0,0,0
1,0,0,0,0,0,0,0,0
1,0,0,0,0,0,0,0,0
1,0,0,0,0,0,0,0,0
1,0,0,0,0,0,0,0,0
1,0,0,0,0,0,0,0,0
1,0,0,0,0,0,0,0,0
1,0,0,0,0,0,0,0,0
1,0,0,0,0,0,0,0,0
1,0,0,0,0,0,0,0,0
1,0,0,0,0,0,0,0,0
1,0,0,0,0,0,0,0,0
1,0,0,0,0,0,0,0,0
1,0,0,0,0,0,0,0,0
1,0,0,0,0,0,0,0,0
1,0,0,0,0,0,0,0,0
1,0,0,0,0,0,0,0,0
1,0,0,0,0,0,0,0,0
1,0,0,0,0,0,0,0,0
1,0,0,0,0,0,0,0,0
1,0,0,0,0,0,0,0,0
1,0,0,0,0,0,0,0,0
1,0,0,0,0,0,0,0,0
1,0,0,0,0,0,0,0,0
1,0,0,0,0,0,0,0,0
1,0,0,0,0,0,0,0,0
1,0,0,0,0,0,0,0,0
1,0,0,0,0,0,0,0,0
1,0,0,0,0,0,0,0,0
1,0,0,0,0,0,0,0,0
1,0,0,0,0,0,0,0,0
1,0,0,0,0,0,0,0,0
1,0,0,0,0,0,0,0,0
1,0,0,0,0,0,0,0,0
1,0,0,0,0,0,0,0,0
1,0,0,0,0,0,0,0,0
1,0,0,0,0,0,0,0,0
1,0,0,0,0,0,0,0,0
1,0,0,0,0,0,0,0,0
1,0,0,0,0,0,0,0,0
1,0,0,0,0,0,0,0,0
1,0,0,0,0,0,0,0,0
1,0,0,0,0,0,0,0,0
1,0,0,0,0,0,0,0,0
1,0,0,0,0,0,0,0,0
1,0,0,0,0,0,0,0,0
1,0,0,0,0,0,0,0,0
1,0,0,0,0,0,0,0,0
1,0,0,0,0,0,0,0,0
0,0,0,0,1,0,0,0,0
1,0,0,0,0,0,0,0,0
1,0,0,0,0,0,0,0,0
1,0,0,0,0,0,0,0,0
1,0,0,0,0,0,0,0,0
1,0,0,0,0,0,0,0,0
1,0,0,0,0,0,0,0,0
1,0,0,0,0,0,0,0,0
1,0,0,0,0,0,0,0,0
1,0,0,0,0,0,0,0,0
1,0,0,0,0,0,0,0,0
1,0,0,0,0,0,0,0,0
1,0,0,0,0,0,0,0,0
1,0,0,0,0,0,0,0,0
1,0,0,0,0,0,0,0,0
1,0,0,0,0,0,0,0,0
1,0,0,0,0,0,0,0,0
1,0,0,0,0,0,0,0,0
1,0,0,0,0,0,0,0,0
1,0,0,0,0,0,0,0,0
1,0,0,0,0,0,0,0,0
1,0,0,0,0,0,0,0,0
1,0,0,0,0,0,0,0,0
1,0,0,0,0,0,0,0,0
1,0,0,0,0,0,0,0,0
1,0,0,0,0,0,0,0,0
1,0,0,0,0,0,0,0,0
1,0,0,0,0,0,0,0,0
1,0,0,0,0,0,0,0,0
1,0,0,0,0,0,0,0,0
1,0,0,0,0,0,0,0,0
1,0,0,0,0,0,0,0,0
1,0,0,0,0,0,0,0,0
1,0,0,0,0,0,0,0,0
1,0,0,0,0,0,0,0,0
1,0,0,0,0,0,0,0,0
1,0,0,0,0,0,0,0,0
1,0,0,0,0,0,0,0,0
1,0,0,0,0,0,0,0,0
1,0,0,0,0,0,0,0,0
1,0,0,0,0,0,0,0,0
1,0,0,0,0,0,0,0,0
1,0,0,0,0,0,0,0,0
1,0,0,0,0,0,0,0,0
1,0,0,0,0,0,0,0,0
1,0,0,0,0,0,0,0,0
1,0,0,0,0,0,0,0,0
1,0,0,0,0,0,0,0,0
1,0,0,0,0,0,0,0,0
1,0,0,0,0,0,0,0,0
1,0,0,0,0,0,0,0,0
1,0,0,0,0,0,0,0,0
1,0,0,0,0,0,0,0,0
1,0,0,0,0,0,0,0,0
1,0,0,0,0,0,0,0,0
1,0,0,0,0,0,0,0,0
1,0,0,0,0,0,0,0,0
1,0,0,0,0,0,0,0,0
1,0,0,0,0,0,0,0,0
1,0,0,0,0,0,0,0,0
1,0,0,0,0,0,0,0,0
1,0,0,0,0,0,0,0,0
1,0,0,0,0,0,0,0,0
1,0,0,0,0,0,0,0,0
1,0,0,0,0,0,0,0,0
1,0,0,0,0,0,0,0,0
1,0,0,0,0,0,0,0,0
1,0,0,0,0,0,0,0,0
1,0,0,0,0,0,0,0,0
1,0,0,0,0,0,0,0,0
1,0,0,0,0,0,0,0,0
1,0,0,0,0,0,0,0,0
1,0,0,0,0,0,0,0,0
1,0,0,0,0,0,0,0,0
1,0,0,0,0,0,0,0,0
1,0,0,0,0,0,0,0,0
1,0,0,0,0,0,0,0,0
1,0,0,0,0,0,0,0,0
1,0,0,0,0,0,0,0,0
1,0,0,0,0,0,0,0,0
1,0,0,0,0,0,0,0,0
1,0,0,0,0,0,0,0,0
1,0,0,0,0,0,0,0,0
1,0,0,0,0,0,0,0,0
1,0,0,0,0,0,0,0,0
1,0,0,0,0,0,0,0,0
1,0,0,0,0,0,0,0,0
1,0,0,0,0,0,0,0,0
1,0,0,0,0,0,0,0,0
1,0,0,0,0,0,0,0,0
1,0,0,0,0,0,0,0,0
1,0,0,0,0,0,0,0,0
1,0,0,0,0,0,0,0,0
1,0,0,0,0,0,0,0,0
1,0,0,0,0,0,0,0,0
1,0,0,0,0,0,0,0,0
1,0,0,0,0,0,0,0,0
1,0,0,0,0,0,0,0,0
1,0,0,0,0,0,0,0,0
1,0,0,0,0,0,0,0,0
1,0,0,0,0,0,0,0,0
1,0,0,0,0,0,0,0,0
1,0,0,0,0,0,0,0,0
1,0,0,0,0,0,0,0,0
1,0,0,0,0,0,0,0,0
1,0,0,0,0,0,0,0,0
1,0,0,0,0,0,0,0,0
1,0,0,0,0,0,0,0,0
1,0,0,0,0,0,0,0,0
1,0,0,0,0,0,0,0,0
1,0,0,0,0,0,0,0,0
1,0,0,0,0,0,0,0,0
1,0,0,0,0,0,0,0,0
1,0,0,0,0,0,0,0,0
1,0,0,0,0,0,0,0,0
1,0,0,0,0,0,0,0,0
1,0,0,0,0,0,0,0,0
1,0,0,0,0,0,0,0,0
1,0,0,0,0,0,0,0,0
1,0,0,0,0,0,0,0,0
1,0,0,0,0,0,0,0,0
1,0,0,0,0,0,0,0,0
1,0,0,0,0,0,0,0,0
1,0,0,0,0,0,0,0,0
1,0,0,0,0,0,0,0,0
1,0,0,0,0,0,0,0,0
1,0,0,0,0,0,0,0,0
1,0,0,0,0,0,0,0,0
1,0,0,0,0,0,0,0,0
1,0,0,0,0,0,0,0,0
1,0,0,0,0,0,0,0,0
1,0,0,0,0,0,0,0,0
1,0,0,0,0,0,0,0,0
1,0,0,0,0,0,0,0,0
1,0,0,0,0,0,0,0,0
1,0,0,0,0,0,0,0,0
1,0,0,0,0,0,0,0,0
1,0,0,0,0,0,0,0,0
1,0,0,0,0,0,0,0,0
1,0,0,0,0,0,0,0,0
1,0,0,0,0,0,0,0,0
1,0,0,0,0,0,0,0,0
1,0,0,0,0,0,0,0,0
1,0,0,0,0,0,0,0,0
1,0,0,0,0,0,0,0,0
1,0,0,0,0,0,0,0,0
1,0,0,0,0,0,0,0,0
1,0,0,0,0,0,0,0,0
1,0,0,0,0,0,0,0,0
1,0,0,0,0,0,0,0,0
1,0,0,0,0,0,0,0,0
1,0,0,0,0,0,0,0,0
1,0,0,0,0,0,0,0,0
1,0,0,0,0,0,0,0,0
1,0,0,0,0,0,0,0,0
1,0,0,0,0,0,0,0,0
1,0,0,0,0,0,0,0,0
1,0,0,0,0,0,0,0,0
1,0,0,0,0,0,0,0,0
1,0,0,0,0,0,0,0,0
1,0,0,0,0,0,0,0,0
1,0,0,0,0,0,0,0,0
1,0,0,0,0,0,0,0,0
1,0,0,0,0,0,0,0,0
1,0,0,0,0,0,0,0,0
1,0,0,0,0,0,0,0,0
1,0,0,0,0,0,0,0,0
1,0,0,0,0,0,0,0,0
1,0,0,0,0,0,0,0,0
1,0,0,0,0,0,0,0,0
1,0,0,0,0,0,0,0,0
1,0,0,0,0,0,0,0,0
1,0,0,0,0,0,0,0,0
1,0,0,0,0,0,0,0,0
1,0,0,0,0,0,0,0,0
1,0,0,0,0,0,0,0,0
1,0,0,0,0,0,0,0,0
1,0,0,0,0,0,0,0,0
1,0,0,0,0,0,0,0,0
1,0,0,0,0,0,0,0,0
1,0,0,0,0,0,0,0,0
1,0,0,0,0,0,0,0,0
1,0,0,0,0,0,0,0,0
1,0,0,0,0,0,0,0,0
1,0,0,0,0,0,0,0,0
1,0,0,0,0,0,0,0,0
1,0,0,0,0,0,0,0,0
1,0,0,0,0,0,0,0,0
1,0,0,0,0,0,0,0,0
1,0,0,0,0,0,0,0,0
1,0,0,0,0,0,0,0,0
0,0,0,0,1,0,0,0,0
1,0,0,0,0,0,0,0,0
1,0,0,0,0,0,0,0,0
1,0,0,0,0,0,0,0,0
1,0,0,0,0,0,0,0,0
1,0,0,0,0,0,0,0,0
1,0,0,0,0,0,0,0,0
1,0,0,0,0,0,0,0,0
1,0,0,0,0,0,0,0,0
1,0,0,0,0,0,0,0,0
1,0,0,0,0,0,0,0,0
1,0,0,0,0,0,0,0,0
1,0,0,0,0,0,0,0,0
1,0,0,0,0,0,0,0,0
1,0,0,0,0,0,0,0,0
1,0,0,0,0,0,0,0,0
1,0,0,0,0,0,0,0,0
1,0,0,0,0,0,0,0,0
1,0,0,0,0,0,0,0,0
1,0,0,0,0,0,0,0,0
1,0,0,0,0,0,0,0,0
1,0,0,0,0,0,0,0,0
1,0,0,0,0,0,0,0,0
1,0,0,0,0,0,0,0,0
1,0,0,0,0,0,0,0,0
1,0,0,0,0,0,0,0,0
1,0,0,0,0,0,0,0,0
1,0,0,0,0,0,0,0,0
1,0,0,0,0,0,0,0,0
1,0,0,0,0,0,0,0,0
1,0,0,0,0,0,0,0,0
1,0,0,0,0,0,0,0,0
1,0,0,0,0,0,0,0,0
1,0,0,0,0,0,0,0,0
1,0,0,0,0,0,0,0,0
1,0,0,0,0,0,0,0,0
1,0,0,0,0,0,0,0,0
1,0,0,0,0,0,0,0,0
1,0,0,0,0,0,0,0,0
1,0,0,0,0,0,0,0,0
1,0,0,0,0,0,0,0,0
1,0,0,0,0,0,0,0,0
1,0,0,0,0,0,0,0,0
1,0,0,0,0,0,0,0,0
1,0,0,0,0,0,0,0,0
1,0,0,0,0,0,0,0,0
1,0,0,0,0,0,0,0,0
1,0,0,0,0,0,0,0,0
1,0,0,0,0,0,0,0,0
1,0,0,0,0,0,0,0,0
1,0,0,0,0,0,0,0,0
1,0,0,0,0,0,0,0,0
1,0,0,0,0,0,0,0,0
1,0,0,0,0,0,0,0,0
1,0,0,0,0,0,0,0,0
1,0,0,0,0,0,0,0,0
1,0,0,0,0,0,0,0,0
1,0,0,0,0,0,0,0,0
1,0,0,0,0,0,0,0,0
1,0,0,0,0,0,0,0,0
1,0,0,0,0,0,0,0,0
1,0,0,0,0,0,0,0,0
1,0,0,0,0,0,0,0,0
1,0,0,0,0,0,0,0,0
1,0,0,0,0,0,0,0,0
1,0,0,0,0,0,0,0,0
1,0,0,0,0,0,0,0,0
1,0,0,0,0,0,0,0,0
1,0,0,0,0,0,0,0,0
1,0,0,0,0,0,0,0,0
1,0,0,0,0,0,0,0,0
1,0,0,0,0,0,0,0,0
1,0,0,0,0,0,0,0,0
1,0,0,0,0,0,0,0,0
1,0,0,0,0,0,0,0,0
1,0,0,0,0,0,0,0,0
1,0,0,0,0,0,0,0,0
1,0,0,0,0,0,0,0,0
1,0,0,0,0,0,0,0,0
1,0,0,0,0,0,0,0,0
1,0,0,0,0,0,0,0,0
1,0,0,0,0,0,0,0,0
1,0,0,0,0,0,0,0,0
1,0,0,0,0,0,0,0,0
1,0,0,0,0,0,0,0,0
1,0,0,0,0,0,0,0,0
1,0,0,0,0,0,0,0,0
1,0,0,0,0,0,0,0,0
1,0,0,0,0,0,0,0,0
1,0,0,0,0,0,0,0,0
1,0,0,0,0,0,0,0,0
1,0,0,0,0,0,0,0,0
1,0,0,0,0,0,0,0,0
1,0,0,0,0,0,0,0,0
1,0,0,0,0,0,0,0,0
1,0,0,0,0,0,0,0,0
1,0,0,0,0,0,0,0,0
1,0,0,0,0,0,0,0,0
0,0,0,0,1,0,0,0,0
1,0,0,0,0,0,0,0,0
1,0,0,0,0,0,0,0,0
1,0,0,0,0,0,0,0,0
1,0,0,0,0,0,0,0,0
1,0,0,0,0,0,0,0,0
1,0,0,0,0,0,0,0,0
1,0,0,0,0,0,0,0,0
1,0,0,0,0,0,0,0,0
1,0,0,0,0,0,0,0,0
1,0,0,0,0,0,0,0,0
1,0,0,0,0,0,0,0,0
1,0,0,0,0,0,0,0,0
1,0,0,0,0,0,0,0,0
1,0,0,0,0,0,0,0,0
1,0,0,0,0,0,0,0,0
1,0,0,0,0,0,0,0,0
1,0,0,0,0,0,0,0,0
1,0,0,0,0,0,0,0,0
1,0,0,0,0,0,0,0,0
1,0,0,0,0,0,0,0,0
1,0,0,0,0,0,0,0,0
1,0,0,0,0,0,0,0,0
1,0,0,0,0,0,0,0,0
1,0,0,0,0,0,0,0,0
1,0,0,0,0,0,0,0,0
1,0,0,0,0,0,0,0,0
1,0,0,0,0,0,0,0,0
1,0,0,0,0,0,0,0,0
1,0,0,0,0,0,0,0,0
1,0,0,0,0,0,0,0,0
1,0,0,0,0,0,0,0,0
1,0,0,0,0,0,0,0,0
1,0,0,0,0,0,0,0,0
1,0,0,0,0,0,0,0,0
1,0,0,0,0,0,0,0,0
1,0,0,0,0,0,0,0,0
1,0,0,0,0,0,0,0,0
1,0,0,0,0,0,0,0,0
1,0,0,0,0,0,0,0,0
1,0,0,0,0,0,0,0,0
1,0,0,0,0,0,0,0,0
1,0,0,0,0,0,0,0,0
1,0,0,0,0,0,0,0,0
1,0,0,0,0,0,0,0,0
1,0,0,0,0,0,0,0,0
1,0,0,0,0,0,0,0,0
1,0,0,0,0,0,0,0,0
1,0,0,0,0,0,0,0,0
1,0,0,0,0,0,0,0,0
1,0,0,0,0,0,0,0,0
1,0,0,0,0,0,0,0,0
1,0,0,0,0,0,0,0,0
1,0,0,0,0,0,0,0,0
1,0,0,0,0,0,0,0,0
1,0,0,0,0,0,0,0,0
1,0,0,0,0,0,0,0,0
1,0,0,0,0,0,0,0,0
1,0,0,0,0,0,0,0,0
1,0,0,0,0,0,0,0,0
1,0,0,0,0,0,0,0,0
1,0,0,0,0,0,0,0,0
1,0,0,0,0,0,0,0,0
1,0,0,0,0,0,0,0,0
1,0,0,0,0,0,0,0,0
1,0,0,0,0,0,0,0,0
1,0,0,0,0,0,0,0,0
1,0,0,0,0,0,0,0,0
1,0,0,0,0,0,0,0,0
1,0,0,0,0,0,0,0,0
1,0,0,0,0,0,0,0,0
1,0,0,0,0,0,0,0,0
1,0,0,0,0,0,0,0,0
1,0,0,0,0,0,0,0,0
1,0,0,0,0,0,0,0,0
1,0,0,0,0,0,0,0,0
1,0,0,0,0,0,0,0,0
1,0,0,0,0,0,0,0,0
1,0,0,0,0,0,0,0,0
1,0,0,0,0,0,0,0,0
1,0,0,0,0,0,0,0,0
1,0,0,0,0,0,0,0,0
1,0,0,0,0,0,0,0,0
1,0,0,0,0,0,0,0,0
1,0,0,0,0,0,0,0,0
1,0,0,0,0,0,0,0,0
1,0,0,0,0,0,0,0,0
1,0,0,0,0,0,0,0,0
1,0,0,0,0,0,0,0,0
1,0,0,0,0,0,0,0,0
1,0,0,0,0,0,0,0,0
1,0,0,0,0,0,0,0,0
1,0,0,0,0,0,0,0,0
1,0,0,0,0,0,0,0,0
1,0,0,0,0,0,0,0,0
1,0,0,0,0,0,0,0,0
1,0,0,0,0,0,0,0,0
1,0,0,0,0,0,0,0,0
1,0,0,0,0,0,0,0,0
1,0,0,0,0,0,0,0,0
1,0,0,0,0,0,0,0,0
1,0,0,0,0,0,0,0,0
1,0,0,0,0,0,0,0,0
1,0,0,0,0,0,0,0,0
1,0,0,0,0,0,0,0,0
1,0,0,0,0,0,0,0,0
1,0,0,0,0,0,0,0,0
1,0,0,0,0,0,0,0,0
1,0,0,0,0,0,0,0,0
1,0,0,0,0,0,0,0,0
1,0,0,0,0,0,0,0,0
1,0,0,0,0,0,0,0,0
1,0,0,0,0,0,0,0,0
1,0,0,0,0,0,0,0,0
1,0,0,0,0,0,0,0,0
1,0,0,0,0,0,0,0,0
1,0,0,0,0,0,0,0,0
1,0,0,0,0,0,0,0,0
1,0,0,0,0,0,0,0,0
1,0,0,0,0,0,0,0,0
1,0,0,0,0,0,0,0,0
1,0,0,0,0,0,0,0,0
1,0,0,0,0,0,0,0,0
1,0,0,0,0,0,0,0,0
1,0,0,0,0,0,0,0,0
1,0,0,0,0,0,0,0,0
1,0,0,0,0,0,0,0,0
1,0,0,0,0,0,0,0,0
1,0,0,0,0,0,0,0,0
1,0,0,0,0,0,0,0,0
1,0,0,0,0,0,0,0,0
1,0,0,0,0,0,0,0,0
1,0,0,0,0,0,0,0,0
1,0,0,0,0,0,0,0,0
1,0,0,0,0,0,0,0,0
1,0,0,0,0,0,0,0,0
1,0,0,0,0,0,0,0,0
1,0,0,0,0,0,0,0,0
1,0,0,0,0,0,0,0,0
1,0,0,0,0,0,0,0,0
1,0,0,0,0,0,0,0,0
1,0,0,0,0,0,0,0,0
1,0,0,0,0,0,0,0,0
1,0,0,0,0,0,0,0,0
1,0,0,0,0,0,0,0,0
1,0,0,0,0,0,0,0,0
1,0,0,0,0,0,0,0,0
1,0,0,0,0,0,0,0,0
1,0,0,0,0,0,0,0,0
1,0,0,0,0,0,0,0,0
1,0,0,0,0,0,0,0,0
1,0,0,0,0,0,0,0,0
1,0,0,0,0,0,0,0,0
1,0,0,0,0,0,0,0,0
1,0,0,0,0,0,0,0,0
1,0,0,0,0,0,0,0,0
1,0,0,0,0,0,0,0,0
1,0,0,0,0,0,0,0,0
1,0,0,0,0,0,0,0,0
1,0,0,0,0,0,0,0,0
1,0,0,0,0,0,0,0,0
1,0,0,0,0,0,0,0,0
1,0,0,0,0,0,0,0,0
1,0,0,0,0,0,0,0,0
1,0,0,0,0,0,0,0,0
1,0,0,0,0,0,0,0,0
1,0,0,0,0,0,0,0,0
1,0,0,0,0,0,0,0,0
1,0,0,0,0,0,0,0,0
1,0,0,0,0,0,0,0,0
1,0,0,0,0,0,0,0,0
1,0,0,0,0,0,0,0,0
1,0,0,0,0,0,0,0,0
1,0,0,0,0,0,0,0,0
1,0,0,0,0,0,0,0,0
1,0,0,0,0,0,0,0,0
1,0,0,0,0,0,0,0,0
1,0,0,0,0,0,0,0,0
1,0,0,0,0,0,0,0,0
1,0,0,0,0,0,0,0,0
1,0,0,0,0,0,0,0,0
1,0,0,0,0,0,0,0,0
1,0,0,0,0,0,0,0,0
1,0,0,0,0,0,0,0,0
1,0,0,0,0,0,0,0,0
1,0,0,0,0,0,0,0,0
1,0,0,0,0,0,0,0,0
1,0,0,0,0,0,0,0,0
1,0,0,0,0,0,0,0,0
1,0,0,0,0,0,0,0,0
1,0,0,0,0,0,0,0,0
1,0,0,0,0,0,0,0,0
1,0,0,0,0,0,0,0,0
1,0,0,0,0,0,0,0,0
1,0,0,0,0,0,0,0,0
1,0,0,0,0,0,0,0,0
1,0,0,0,0,0,0,0,0
1,0,0,0,0,0,0,0,0
1,0,0,0,0,0,0,0,0
1,0,0,0,0,0,0,0,0
1,0,0,0,0,0,0,0,0
1,0,0,0,0,0,0,0,0
1,0,0,0,0,0,0,0,0
1,0,0,0,0,0,0,0,0
1,0,0,0,0,0,0,0,0
1,0,0,0,0,0,0,0,0
1,0,0,0,0,0,0,0,0
1,0,0,0,0,0,0,0,0
1,0,0,0,0,0,0,0,0
1,0,0,0,0,0,0,0,0
1,0,0,0,0,0,0,0,0
1,0,0,0,0,0,0,0,0
1,0,0,0,0,0,0,0,0
1,0,0,0,0,0,0,0,0
0,0,0,0,1,0,0,0,0
0,0,0,0,1,0,0,0,0
0,0,0,1,0,0,0,0,0
0,0,0,0,0,0,1,0,0
0,0,0,0,0,0,1,0,0
0,0,0,0,0,0,1,0,0
0,0,0,0,0,0,1,0,0
0,0,0,0,0,0,1,0,0
0,0,0,0,0,0,1,0,0
0,0,0,0,0,0,1,0,0
0,0,0,0,0,0,1,0,0
0,0,0,0,0,0,1,0,0
0,0,0,0,0,0,1,0,0
0,0,0,0,0,0,1,0,0
0,0,0,0,0,0,1,0,0
0,0,0,0,0,0,1,0,0
0,0,0,0,0,0,1,0,0
0,0,0,0,0,0,1,0,0
0,0,0,0,0,0,1,0,0
0,0,0,0,0,0,1,0,0
0,0,0,0,0,0,1,0,0
0,0,0,0,0,0,1,0,0
0,0,0,0,0,0,1,0,0
0,0,0,0,0,0,1,0,0
0,0,0,0,0,0,1,0,0
0,0,0,0,0,0,1,0,0
0,0,0,0,0,0,1,0,0
0,0,0,0,1,0,0,0,0
0,0,0,0,0,0,1,0,0
0,0,0,0,0,0,1,0,0
0,0,0,0,1,0,0,0,0
0,0,0,0,0,0,1,0,0
0,0,0,0,0,0,1,0,0
0,0,0,0,0,0,1,0,0
0,0,0,0,0,0,1,0,0
0,0,0,0,0,0,1,0,0
0,0,0,0,0,0,1,0,0
0,0,0,0,0,0,1,0,0
0,0,0,0,0,0,1,0,0
0,0,0,0,0,0,1,0,0
0,0,0,0,0,0,1,0,0
0,0,0,0,0,0,1,0,0
0,0,0,0,0,0,1,0,0
0,0,0,0,0,0,1,0,0
0,0,0,0,0,0,1,0,0
0,0,0,0,0,0,1,0,0
0,0,0,0,0,0,1,0,0
0,0,0,0,0,0,1,0,0
0,0,0,0,0,0,1,0,0
0,0,0,0,0,0,1,0,0
0,0,0,0,0,0,1,0,0
0,0,0,0,0,0,1,0,0
0,0,0,0,0,0,1,0,0
0,0,0,0,0,0,1,0,0
0,0,0,0,0,0,1,0,0
0,0,0,0,1,0,0,0,0
0,0,0,0,0,0,1,0,0
0,0,0,0,0,0,1,0,0
0,0,0,0,0,0,1,0,0
0,0,0,0,0,0,1,0,0
0,0,0,0,0,0,1,0,0
0,0,0,0,0,0,1,0,0
0,0,0,0,0,0,1,0,0
0,0,0,0,0,0,1,0,0
0,0,0,0,0,0,1,0,0
0,0,0,0,0,0,1,0,0
0,0,0,0,0,0,1,0,0
0,0,0,0,0,0,1,0,0
0,0,0,0,0,0,1,0,0
0,0,0,0,0,0,1,0,0
0,0,0,0,0,0,1,0,0
0,0,0,0,0,0,1,0,0
0,0,0,0,0,0,1,0,0
0,0,0,0,0,0,1,0,0
0,0,0,0,0,0,1,0,0
0,0,0,0,0,0,1,0,0
0,0,0,0,0,0,1,0,0
0,0,0,0,0,0,1,0,0
0,0,0,0,0,0,1,0,0
0,0,0,0,0,0,1,0,0
0,0,0,0,0,0,1,0,0
0,0,0,0,0,0,1,0,0
0,0,0,0,0,0,1,0,0
0,0,0,0,0,0,1,0,0
0,0,0,0,0,0,1,0,0
0,0,0,0,0,0,1,0,0
0,0,0,0,0,0,1,0,0
0,0,0,0,0,0,1,0,0
0,0,0,0,0,0,1,0,0
0,0,0,0,0,0,1,0,0
0,0,0,0,0,0,1,0,0
0,0,0,0,0,0,1,0,0
0,0,0,0,0,0,1,0,0
0,0,0,0,0,0,1,0,0
0,0,0,0,0,0,1,0,0
0,0,0,0,0,0,1,0,0
0,0,0,0,0,0,1,0,0
0,0,0,1,0,0,0,0,0
0,0,0,0,1,0,0,0,0
0,0,0,1,0,0,0,0,0
0,0,0,0,1,0,0,0,0
0,0,0,0,0,0,1,0,0
0,0,0,0,0,0,1,0,0
0,0,0,0,0,0,1,0,0
0,0,0,0,0,0,1,0,0
0,0,0,0,0,0,1,0,0
0,0,0,0,0,0,1,0,0
0,0,0,0,0,0,1,0,0
0,0,0,0,0,0,1,0,0
0,0,0,0,0,0,1,0,0
0,0,0,0,0,0,1,0,0
0,0,0,0,0,0,1,0,0
0,0,0,0,0,0,1,0,0
0,0,0,0,0,0,1,0,0
0,0,0,0,0,0,1,0,0
0,0,0,0,0,0,1,0,0
0,0,0,0,0,0,1,0,0
0,0,0,0,0,0,1,0,0
0,0,0,0,0,0,1,0,0
0,0,0,0,1,0,0,0,0
0,0,0,0,0,0,1,0,0
0,0,0,1,0,0,0,0,0
0,0,0,0,1,0,0,0,0
0,0,0,0,1,0,0,0,0
0,0,0,1,0,0,0,0,0
0,0,0,0,1,0,0,0,0
0,0,0,1,0,0,0,0,0
0,0,0,1,0,0,0,0,0
0,0,0,1,0,0,0,0,0
0,0,0,1,0,0,0,0,0
0,0,0,0,1,0,0,0,0
0,0,0,0,1,0,0,0,0
0,0,0,1,0,0,0,0,0
0,0,0,0,1,0,0,0,0
0,0,0,0,1,0,0,0,0
0,0,0,0,1,0,0,0,0
0,0,0,0,1,0,0,0,0
0,0,0,0,1,0,0,0,0
0,0,0,0,1,0,0,0,0
0,0,0,0,1,0,0,0,0
0,0,0,0,1,0,0,0,0
0,0,0,0,1,0,0,0,0
0,0,0,1,0,0,0,0,0
0,0,0,1,0,0,0,0,0
0,0,0,0,1,0,0,0,0
0,0,0,0,1,0,0,0,0
0,0,0,1,0,0,0,0,0
0,0,0,0,1,0,0,0,0
0,0,0,0,1,0,0,0,0
0,0,0,0,1,0,0,0,0
0,0,0,0,1,0,0,0,0
0,0,0,0,1,0,0,0,0
1,0,0,0,0,0,0,0,0
1,0,0,0,0,0,0,0,0
0,0,0,0,1,0,0,0,0
0,0,0,0,1,0,0,0,0
0,0,0,0,1,0,0,0,0
0,0,0,0,1,0,0,0,0
0,0,0,0,1,0,0,0,0
0,0,0,0,1,0,0,0,0
0,0,0,1,0,0,0,0,0
0,0,0,0,1,0,0,0,0
0,0,0,0,1,0,0,0,0
0,0,0,0,1,0,0,0,0
0,0,0,0,1,0,0,0,0
0,0,0,1,0,0,0,0,0
0,0,0,0,1,0,0,0,0
0,0,0,1,0,0,0,0,0
0,0,0,0,1,0,0,0,0
0,0,0,1,0,0,0,0,0
0,0,0,0,1,0,0,0,0
0,0,0,0,1,0,0,0,0
0,0,0,1,0,0,0,0,0
0,0,0,0,1,0,0,0,0
0,0,0,0,1,0,0,0,0
0,0,0,0,1,0,0,0,0
0,0,0,1,0,0,0,0,0
0,0,0,1,0,0,0,0,0
0,0,0,0,1,0,0,0,0
0,0,0,0,1,0,0,0,0
1,0,0,0,0,0,0,0,0
1,0,0,0,0,0,0,0,0
0,0,0,0,1,0,0,0,0
0,0,0,0,1,0,0,0,0
0,0,0,0,1,0,0,0,0
0,0,0,0,1,0,0,0,0
0,0,0,1,0,0,0,0,0
0,0,0,1,0,0,0,0,0
0,0,0,0,1,0,0,0,0
0,0,0,0,1,0,0,0,0
1,0,0,0,0,0,0,0,0
1,0,0,0,0,0,0,0,0
0,0,0,0,1,0,0,0,0
1,0,0,0,0,0,0,0,0
1,0,0,0,0,0,0,0,0
1,0,0,0,0,0,0,0,0
1,0,0,0,0,0,0,0,0
1,0,0,0,0,0,0,0,0
1,0,0,0,0,0,0,0,0
1,0,0,0,0,0,0,0,0
1,0,0,0,0,0,0,0,0
1,0,0,0,0,0,0,0,0
1,0,0,0,0,0,0,0,0
1,0,0,0,0,0,0,0,0
1,0,0,0,0,0,0,0,0
1,0,0,0,0,0,0,0,0
1,0,0,0,0,0,0,0,0
1,0,0,0,0,0,0,0,0
1,0,0,0,0,0,0,0,0
1,0,0,0,0,0,0,0,0
1,0,0,0,0,0,0,0,0
1,0,0,0,0,0,0,0,0
1,0,0,0,0,0,0,0,0
1,0,0,0,0,0,0,0,0
1,0,0,0,0,0,0,0,0
0,0,0,1,0,0,0,0,0
0,0,0,0,1,0,0,0,0
0,0,0,0,1,0,0,0,0
0,0,0,0,1,0,0,0,0
1,0,0,0,0,0,0,0,0
1,0,0,0,0,0,0,0,0
0,0,0,0,0,0,0,1,0
0,0,0,0,0,0,0,1,0
0,0,0,0,0,0,0,1,0
0,0,0,0,0,0,0,1,0
0,0,0,0,0,0,0,1,0
0,0,0,0,0,0,0,1,0
0,0,0,0,0,0,0,1,0
0,0,0,0,0,0,0,1,0
0,0,0,0,0,0,0,1,0
0,0,0,0,0,0,0,1,0
0,0,0,0,0,0,0,1,0
0,0,0,0,0,0,0,1,0
0,0,0,0,0,0,0,1,0
0,0,0,0,0,0,0,1,0
0,0,0,0,0,0,0,1,0
0,0,0,0,0,0,0,1,0
0,0,0,0,0,0,0,1,0
0,0,0,0,0,0,0,1,0
0,0,0,0,1,0,0,0,0
0,0,0,1,0,0,0,0,0
0,0,0,0,1,0,0,0,0
0,0,0,0,1,0,0,0,0
0,0,0,0,1,0,0,0,0
0,0,0,0,1,0,0,0,0
0,0,0,0,1,0,0,0,0
0,0,0,0,1,0,0,0,0
1,0,0,0,0,0,0,0,0
1,0,0,0,0,0,0,0,0
1,0,0,0,0,0,0,0,0
0,0,0,1,0,0,0,0,0
0,0,0,0,1,0,0,0,0
0,0,0,0,1,0,0,0,0
0,0,0,0,1,0,0,0,0
0,0,0,0,1,0,0,0,0
0,0,0,0,1,0,0,0,0
0,0,0,1,0,0,0,0,0
0,0,0,0,1,0,0,0,0
0,0,0,0,1,0,0,0,0
1,0,0,0,0,0,0,0,0
1,0,0,0,0,0,0,0,0
1,0,0,0,0,0,0,0,0
1,0,0,0,0,0,0,0,0
1,0,0,0,0,0,0,0,0
0,0,0,1,0,0,0,0,0
0,0,0,0,1,0,0,0,0
1,0,0,0,0,0,0,0,0
0,0,0,0,1,0,0,0,0
0,0,0,1,0,0,0,0,0
1,0,0,0,0,0,0,0,0
1,0,0,0,0,0,0,0,0
0,0,0,0,0,0,0,1,0
0,0,0,0,0,0,0,1,0
0,0,0,0,0,0,0,1,0
0,0,0,0,0,0,0,1,0
0,0,0,0,0,0,0,1,0
0,0,0,0,1,0,0,0,0
0,0,0,0,1,0,0,0,0
0,0,0,1,0,0,0,0,0
0,0,0,0,1,0,0,0,0
1,0,0,0,0,0,0,0,0
1,0,0,0,0,0,0,0,0
1,0,0,0,0,0,0,0,0
1,0,0,0,0,0,0,0,0
1,0,0,0,0,0,0,0,0
1,0,0,0,0,0,0,0,0
1,0,0,0,0,0,0,0,0
1,0,0,0,0,0,0,0,0
1,0,0,0,0,0,0,0,0
1,0,0,0,0,0,0,0,0
1,0,0,0,0,0,0,0,0
1,0,0,0,0,0,0,0,0
1,0,0,0,0,0,0,0,0
1,0,0,0,0,0,0,0,0
1,0,0,0,0,0,0,0,0
1,0,0,0,0,0,0,0,0
1,0,0,0,0,0,0,0,0
1,0,0,0,0,0,0,0,0
1,0,0,0,0,0,0,0,0
1,0,0,0,0,0,0,0,0
1,0,0,0,0,0,0,0,0
1,0,0,0,0,0,0,0,0
1,0,0,0,0,0,0,0,0
1,0,0,0,0,0,0,0,0
1,0,0,0,0,0,0,0,0
1,0,0,0,0,0,0,0,0
1,0,0,0,0,0,0,0,0
1,0,0,0,0,0,0,0,0
1,0,0,0,0,0,0,0,0
1,0,0,0,0,0,0,0,0
1,0,0,0,0,0,0,0,0
1,0,0,0,0,0,0,0,0
1,0,0,0,0,0,0,0,0
1,0,0,0,0,0,0,0,0
1,0,0,0,0,0,0,0,0
1,0,0,0,0,0,0,0,0
1,0,0,0,0,0,0,0,0
1,0,0,0,0,0,0,0,0
1,0,0,0,0,0,0,0,0
1,0,0,0,0,0,0,0,0
1,0,0,0,0,0,0,0,0
1,0,0,0,0,0,0,0,0
1,0,0,0,0,0,0,0,0
1,0,0,0,0,0,0,0,0
1,0,0,0,0,0,0,0,0
1,0,0,0,0,0,0,0,0
1,0,0,0,0,0,0,0,0
1,0,0,0,0,0,0,0,0
1,0,0,0,0,0,0,0,0
1,0,0,0,0,0,0,0,0
1,0,0,0,0,0,0,0,0
1,0,0,0,0,0,0,0,0
1,0,0,0,0,0,0,0,0
1,0,0,0,0,0,0,0,0
1,0,0,0,0,0,0,0,0
0,0,0,1,0,0,0,0,0
0,0,0,0,1,0,0,0,0
0,0,0,1,0,0,0,0,0
0,0,0,1,0,0,0,0,0
0,0,0,1,0,0,0,0,0
0,0,0,0,1,0,0,0,0
1,0,0,0,0,0,0,0,0
1,0,0,0,0,0,0,0,0
0,0,0,0,0,0,0,1,0
0,0,0,0,0,0,0,1,0
0,0,0,0,0,0,0,0,1
0,0,0,0,0,0,0,0,1
0,0,0,0,0,0,0,1,0
0,0,0,0,0,0,0,1,0
0,0,0,0,0,0,0,1,0
0,0,0,0,0,0,0,1,0
0,0,0,0,0,0,0,1,0
1,0,0,0,0,0,0,0,0
1,0,0,0,0,0,0,0,0
1,0,0,0,0,0,0,0,0
1,0,0,0,0,0,0,0,0
1,0,0,0,0,0,0,0,0
1,0,0,0,0,0,0,0,0
1,0,0,0,0,0,0,0,0
1,0,0,0,0,0,0,0,0
1,0,0,0,0,0,0,0,0
1,0,0,0,0,0,0,0,0
1,0,0,0,0,0,0,0,0
1,0,0,0,0,0,0,0,0
1,0,0,0,0,0,0,0,0
1,0,0,0,0,0,0,0,0
1,0,0,0,0,0,0,0,0
1,0,0,0,0,0,0,0,0
1,0,0,0,0,0,0,0,0
1,0,0,0,0,0,0,0,0
1,0,0,0,0,0,0,0,0
1,0,0,0,0,0,0,0,0
1,0,0,0,0,0,0,0,0
1,0,0,0,0,0,0,0,0
1,0,0,0,0,0,0,0,0
1,0,0,0,0,0,0,0,0
1,0,0,0,0,0,0,0,0
1,0,0,0,0,0,0,0,0
1,0,0,0,0,0,0,0,0
1,0,0,0,0,0,0,0,0
1,0,0,0,0,0,0,0,0
1,0,0,0,0,0,0,0,0
1,0,0,0,0,0,0,0,0
1,0,0,0,0,0,0,0,0
1,0,0,0,0,0,0,0,0
1,0,0,0,0,0,0,0,0
0,0,0,0,1,0,0,0,0
1,0,0,0,0,0,0,0,0
0,0,0,1,0,0,0,0,0
0,0,0,0,1,0,0,0,0
0,0,0,0,0,0,0,0,1
0,0,0,0,0,0,0,0,1
1,0,0,0,0,0,0,0,0
1,0,0,0,0,0,0,0,0
1,0,0,0,0,0,0,0,0
1,0,0,0,0,0,0,0,0
0,0,0,0,0,0,0,1,0
0,0,0,1,0,0,0,0,0
0,0,0,0,1,0,0,0,0
0,0,0,0,1,0,0,0,0
0,0,0,0,1,0,0,0,0
0,0,0,0,1,0,0,0,0
0,0,0,0,1,0,0,0,0
0,0,0,0,1,0,0,0,0
0,0,0,0,1,0,0,0,0
0,0,0,1,0,0,0,0,0
0,0,0,0,1,0,0,0,0
0,0,0,0,1,0,0,0,0
0,0,0,0,1,0,0,0,0
0,0,0,0,1,0,0,0,0
0,0,0,0,1,0,0,0,0
0,0,0,1,0,0,0,0,0
0,0,0,0,1,0,0,0,0
1,0,0,0,0,0,0,0,0
0,0,0,0,0,0,0,1,0
0,0,0,0,0,0,0,0,1
0,0,0,0,0,0,0,0,1
0,0,0,0,0,0,0,1,0
0,0,0,0,0,0,0,1,0
0,0,0,0,0,0,0,0,1
0,0,0,0,0,0,0,1,0
0,0,0,0,0,0,0,1,0
0,0,0,0,0,0,0,1,0
0,0,0,0,0,0,0,1,0
0,0,0,0,0,0,0,1,0
0,0,0,0,0,0,0,1,0
0,0,0,0,0,0,0,1,0
0,0,0,0,0,0,0,0,1
0,0,0,0,0,0,0,0,1
0,0,0,0,0,0,0,0,1
0,0,0,0,0,0,0,0,1
0,0,0,0,0,0,0,1,0
0,0,0,0,0,0,0,0,1
0,0,0,0,0,0,0,1,0
0,0,0,0,0,0,0,0,1
0,0,0,0,0,0,0,0,1
0,0,0,0,0,0,0,0,1
0,0,0,0,0,0,0,0,1
0,0,0,0,0,0,0,1,0
0,0,0,0,0,0,0,0,1
0,0,0,0,0,0,0,0,1
0,0,0,0,0,0,0,0,1
0,0,0,0,0,0,0,1,0
0,0,0,0,0,0,0,0,1
0,0,0,0,0,0,0,0,1
0,0,0,0,0,0,0,0,1
0,0,0,0,0,0,0,0,1
0,0,0,0,0,0,0,0,1
0,0,0,0,0,0,0,1,0
0,0,0,0,0,0,0,0,1
0,0,0,0,0,0,0,0,1
0,0,0,0,0,0,0,1,0
0,0,0,0,0,0,0,0,1
0,0,0,0,0,0,0,0,1
0,0,0,0,0,0,0,1,0
0,0,0,0,0,0,0,0,1
0,0,0,0,0,0,0,1,0
0,0,0,0,0,0,0,0,1
0,0,0,0,0,0,0,1,0
0,0,0,0,0,0,0,1,0
0,0,0,0,0,0,0,1,0
0,0,0,0,1,0,0,0,0
0,0,0,1,0,0,0,0,0
0,0,0,1,0,0,0,0,0
0,0,0,0,0,0,0,1,0
0,0,0,0,0,0,0,0,1
0,0,0,0,0,0,0,0,1
0,0,0,0,0,0,0,0,1
0,0,0,0,0,0,0,0,1
0,0,0,0,0,0,0,0,1
0,0,0,0,0,0,0,1,0
0,0,0,0,0,0,0,1,0
0,0,0,0,0,0,0,0,1
0,0,0,0,0,0,0,0,1
0,0,0,0,0,0,0,1,0
0,0,0,0,0,0,0,1,0
0,0,0,0,0,0,0,0,1
0,0,0,0,0,0,0,0,1
0,0,0,0,0,0,0,0,1
0,0,0,0,0,0,0,0,1
0,0,0,0,0,0,0,0,1
0,0,0,0,0,0,0,0,1
0,0,0,0,0,0,0,0,1
0,0,0,0,0,0,0,0,1
0,0,0,0,0,0,0,0,1
0,0,0,0,0,0,0,0,1
0,0,0,0,0,0,0,0,1
0,0,0,0,0,0,0,0,1
0,0,0,0,0,0,0,0,1
0,0,0,0,0,0,0,1,0
0,0,0,0,0,0,0,0,1
0,0,0,0,0,0,0,0,1
0,0,0,0,0,0,0,0,1
0,0,0,0,0,0,0,0,1
0,0,0,0,0,0,0,0,1
0,0,0,0,0,0,0,1,0
0,0,0,0,0,0,0,0,1
0,0,0,0,0,0,0,0,1
0,0,0,0,0,0,0,0,1
0,0,0,0,0,0,0,0,1
0,0,0,0,0,0,0,0,1
0,0,0,0,0,0,0,0,1
0,0,0,0,0,0,0,0,1
0,0,0,0,0,0,0,0,1
0,0,0,0,0,0,0,0,1
0,0,0,0,0,0,0,0,1
0,0,0,0,0,0,0,1,0
0,0,0,0,0,0,0,1,0
0,0,0,0,0,0,0,0,1
0,0,0,0,0,0,0,1,0
0,0,0,0,0,0,0,0,1
0,0,0,0,0,0,0,1,0
0,0,0,0,0,0,0,0,1
0,0,0,0,0,0,0,0,1
0,0,0,0,0,0,0,0,1
0,0,0,0,0,0,0,1,0
0,0,0,0,0,0,0,1,0
0,0,0,0,0,0,0,1,0
0,0,0,0,0,0,0,0,1
0,0,0,0,0,0,0,0,1
0,0,0,0,0,0,0,0,1
0,0,0,0,0,0,0,0,1
0,0,0,0,0,0,0,1,0
0,0,0,0,0,0,0,1,0
0,0,0,0,0,0,0,0,1
0,0,0,0,0,0,0,0,1
0,0,0,0,0,0,0,1,0
0,0,0,0,0,0,0,1,0
0,0,0,0,0,0,0,0,1
0,0,0,0,0,0,0,1,0
0,0,0,0,0,0,0,1,0
0,0,0,0,0,0,0,1,0
0,0,0,0,0,0,0,1,0
0,0,0,0,0,0,0,1,0
0,0,0,0,0,0,0,1,0
0,0,0,0,0,0,0,0,1
0,0,0,0,0,0,0,0,1
0,0,0,0,0,0,0,0,1
0,0,0,0,0,0,0,1,0
1,0,0,0,0,0,0,0,0
1,0,0,0,0,0,0,0,0
1,0,0,0,0,0,0,0,0
1,0,0,0,0,0,0,0,0
1,0,0,0,0,0,0,0,0
1,0,0,0,0,0,0,0,0
1,0,0,0,0,0,0,0,0
1,0,0,0,0,0,0,0,0
1,0,0,0,0,0,0,0,0
1,0,0,0,0,0,0,0,0
1,0,0,0,0,0,0,0,0
1,0,0,0,0,0,0,0,0
1,0,0,0,0,0,0,0,0
1,0,0,0,0,0,0,0,0
1,0,0,0,0,0,0,0,0
1,0,0,0,0,0,0,0,0
1,0,0,0,0,0,0,0,0
1,0,0,0,0,0,0,0,0
1,0,0,0,0,0,0,0,0
1,0,0,0,0,0,0,0,0
1,0,0,0,0,0,0,0,0
1,0,0,0,0,0,0,0,0
1,0,0,0,0,0,0,0,0
1,0,0,0,0,0,0,0,0
1,0,0,0,0,0,0,0,0
1,0,0,0,0,0,0,0,0
1,0,0,0,0,0,0,0,0
1,0,0,0,0,0,0,0,0
1,0,0,0,0,0,0,0,0
0,0,0,0,0,0,0,1,0
0,0,0,0,0,0,0,0,1
0,0,0,0,0,0,0,0,1
0,0,0,0,0,0,0,0,1
1,0,0,0,0,0,0,0,0
1,0,0,0,0,0,0,0,0
1,0,0,0,0,0,0,0,0
1,0,0,0,0,0,0,0,0
1,0,0,0,0,0,0,0,0
1,0,0,0,0,0,0,0,0
1,0,0,0,0,0,0,0,0
1,0,0,0,0,0,0,0,0
1,0,0,0,0,0,0,0,0
1,0,0,0,0,0,0,0,0
1,0,0,0,0,0,0,0,0
0,0,0,0,1,0,0,0,0
1,0,0,0,0,0,0,0,0
1,0,0,0,0,0,0,0,0
0,0,0,0,1,0,0,0,0
0,0,0,0,1,0,0,0,0
0,0,0,0,1,0,0,0,0
0,0,0,0,1,0,0,0,0
1,0,0,0,0,0,0,0,0
1,0,0,0,0,0,0,0,0
1,0,0,0,0,0,0,0,0
1,0,0,0,0,0,0,0,0
1,0,0,0,0,0,0,0,0
1,0,0,0,0,0,0,0,0
1,0,0,0,0,0,0,0,0
1,0,0,0,0,0,0,0,0
1,0,0,0,0,0,0,0,0
1,0,0,0,0,0,0,0,0
1,0,0,0,0,0,0,0,0
1,0,0,0,0,0,0,0,0
1,0,0,0,0,0,0,0,0
1,0,0,0,0,0,0,0,0
1,0,0,0,0,0,0,0,0
1,0,0,0,0,0,0,0,0
1,0,0,0,0,0,0,0,0
1,0,0,0,0,0,0,0,0
1,0,0,0,0,0,0,0,0
1,0,0,0,0,0,0,0,0
1,0,0,0,0,0,0,0,0
1,0,0,0,0,0,0,0,0
1,0,0,0,0,0,0,0,0
1,0,0,0,0,0,0,0,0
1,0,0,0,0,0,0,0,0
1,0,0,0,0,0,0,0,0
1,0,0,0,0,0,0,0,0
1,0,0,0,0,0,0,0,0
1,0,0,0,0,0,0,0,0
1,0,0,0,0,0,0,0,0
1,0,0,0,0,0,0,0,0
1,0,0,0,0,0,0,0,0
1,0,0,0,0,0,0,0,0
1,0,0,0,0,0,0,0,0
1,0,0,0,0,0,0,0,0
1,0,0,0,0,0,0,0,0
1,0,0,0,0,0,0,0,0
1,0,0,0,0,0,0,0,0
1,0,0,0,0,0,0,0,0
1,0,0,0,0,0,0,0,0
1,0,0,0,0,0,0,0,0
1,0,0,0,0,0,0,0,0
1,0,0,0,0,0,0,0,0
1,0,0,0,0,0,0,0,0
1,0,0,0,0,0,0,0,0
1,0,0,0,0,0,0,0,0
1,0,0,0,0,0,0,0,0
1,0,0,0,0,0,0,0,0
1,0,0,0,0,0,0,0,0
1,0,0,0,0,0,0,0,0
1,0,0,0,0,0,0,0,0
1,0,0,0,0,0,0,0,0
1,0,0,0,0,0,0,0,0
1,0,0,0,0,0,0,0,0
1,0,0,0,0,0,0,0,0
1,0,0,0,0,0,0,0,0
1,0,0,0,0,0,0,0,0
1,0,0,0,0,0,0,0,0
1,0,0,0,0,0,0,0,0
1,0,0,0,0,0,0,0,0
1,0,0,0,0,0,0,0,0
1,0,0,0,0,0,0,0,0
1,0,0,0,0,0,0,0,0
1,0,0,0,0,0,0,0,0
1,0,0,0,0,0,0,0,0
1,0,0,0,0,0,0,0,0
1,0,0,0,0,0,0,0,0
1,0,0,0,0,0,0,0,0
1,0,0,0,0,0,0,0,0
1,0,0,0,0,0,0,0,0
1,0,0,0,0,0,0,0,0
1,0,0,0,0,0,0,0,0
1,0,0,0,0,0,0,0,0
1,0,0,0,0,0,0,0,0
1,0,0,0,0,0,0,0,0
1,0,0,0,0,0,0,0,0
1,0,0,0,0,0,0,0,0
1,0,0,0,0,0,0,0,0
1,0,0,0,0,0,0,0,0
1,0,0,0,0,0,0,0,0
1,0,0,0,0,0,0,0,0
1,0,0,0,0,0,0,0,0
1,0,0,0,0,0,0,0,0
1,0,0,0,0,0,0,0,0
1,0,0,0,0,0,0,0,0
1,0,0,0,0,0,0,0,0
1,0,0,0,0,0,0,0,0
1,0,0,0,0,0,0,0,0
1,0,0,0,0,0,0,0,0
1,0,0,0,0,0,0,0,0
1,0,0,0,0,0,0,0,0
1,0,0,0,0,0,0,0,0
1,0,0,0,0,0,0,0,0
1,0,0,0,0,0,0,0,0
1,0,0,0,0,0,0,0,0
1,0,0,0,0,0,0,0,0
1,0,0,0,0,0,0,0,0
1,0,0,0,0,0,0,0,0
1,0,0,0,0,0,0,0,0
1,0,0,0,0,0,0,0,0
1,0,0,0,0,0,0,0,0
1,0,0,0,0,0,0,0,0
1,0,0,0,0,0,0,0,0
1,0,0,0,0,0,0,0,0
1,0,0,0,0,0,0,0,0
1,0,0,0,0,0,0,0,0
1,0,0,0,0,0,0,0,0
1,0,0,0,0,0,0,0,0
1,0,0,0,0,0,0,0,0
1,0,0,0,0,0,0,0,0
1,0,0,0,0,0,0,0,0
1,0,0,0,0,0,0,0,0
1,0,0,0,0,0,0,0,0
1,0,0,0,0,0,0,0,0
1,0,0,0,0,0,0,0,0
1,0,0,0,0,0,0,0,0
1,0,0,0,0,0,0,0,0
1,0,0,0,0,0,0,0,0
1,0,0,0,0,0,0,0,0
1,0,0,0,0,0,0,0,0
1,0,0,0,0,0,0,0,0
1,0,0,0,0,0,0,0,0
1,0,0,0,0,0,0,0,0
1,0,0,0,0,0,0,0,0
1,0,0,0,0,0,0,0,0
1,0,0,0,0,0,0,0,0
1,0,0,0,0,0,0,0,0
1,0,0,0,0,0,0,0,0
1,0,0,0,0,0,0,0,0
1,0,0,0,0,0,0,0,0
1,0,0,0,0,0,0,0,0
1,0,0,0,0,0,0,0,0
1,0,0,0,0,0,0,0,0
1,0,0,0,0,0,0,0,0
1,0,0,0,0,0,0,0,0
1,0,0,0,0,0,0,0,0
1,0,0,0,0,0,0,0,0
1,0,0,0,0,0,0,0,0
1,0,0,0,0,0,0,0,0
1,0,0,0,0,0,0,0,0
1,0,0,0,0,0,0,0,0
1,0,0,0,0,0,0,0,0
1,0,0,0,0,0,0,0,0
1,0,0,0,0,0,0,0,0
1,0,0,0,0,0,0,0,0
1,0,0,0,0,0,0,0,0
1,0,0,0,0,0,0,0,0
1,0,0,0,0,0,0,0,0
1,0,0,0,0,0,0,0,0
1,0,0,0,0,0,0,0,0
1,0,0,0,0,0,0,0,0
1,0,0,0,0,0,0,0,0
1,0,0,0,0,0,0,0,0
1,0,0,0,0,0,0,0,0
1,0,0,0,0,0,0,0,0
1,0,0,0,0,0,0,0,0
1,0,0,0,0,0,0,0,0
1,0,0,0,0,0,0,0,0
1,0,0,0,0,0,0,0,0
1,0,0,0,0,0,0,0,0
1,0,0,0,0,0,0,0,0
1,0,0,0,0,0,0,0,0
1,0,0,0,0,0,0,0,0
1,0,0,0,0,0,0,0,0
1,0,0,0,0,0,0,0,0
1,0,0,0,0,0,0,0,0
1,0,0,0,0,0,0,0,0
1,0,0,0,0,0,0,0,0
1,0,0,0,0,0,0,0,0
1,0,0,0,0,0,0,0,0
1,0,0,0,0,0,0,0,0
1,0,0,0,0,0,0,0,0
1,0,0,0,0,0,0,0,0
1,0,0,0,0,0,0,0,0
1,0,0,0,0,0,0,0,0
1,0,0,0,0,0,0,0,0
1,0,0,0,0,0,0,0,0
1,0,0,0,0,0,0,0,0
1,0,0,0,0,0,0,0,0
1,0,0,0,0,0,0,0,0
1,0,0,0,0,0,0,0,0
1,0,0,0,0,0,0,0,0
1,0,0,0,0,0,0,0,0
1,0,0,0,0,0,0,0,0
1,0,0,0,0,0,0,0,0
1,0,0,0,0,0,0,0,0
1,0,0,0,0,0,0,0,0
1,0,0,0,0,0,0,0,0
1,0,0,0,0,0,0,0,0
1,0,0,0,0,0,0,0,0
1,0,0,0,0,0,0,0,0
1,0,0,0,0,0,0,0,0
1,0,0,0,0,0,0,0,0
1,0,0,0,0,0,0,0,0
1,0,0,0,0,0,0,0,0
1,0,0,0,0,0,0,0,0
1,0,0,0,0,0,0,0,0
1,0,0,0,0,0,0,0,0
1,0,0,0,0,0,0,0,0
1,0,0,0,0,0,0,0,0
1,0,0,0,0,0,0,0,0
1,0,0,0,0,0,0,0,0
1,0,0,0,0,0,0,0,0
1,0,0,0,0,0,0,0,0
1,0,0,0,0,0,0,0,0
1,0,0,0,0,0,0,0,0
1,0,0,0,0,0,0,0,0
1,0,0,0,0,0,0,0,0
1,0,0,0,0,0,0,0,0
1,0,0,0,0,0,0,0,0
1,0,0,0,0,0,0,0,0
1,0,0,0,0,0,0,0,0
1,0,0,0,0,0,0,0,0
1,0,0,0,0,0,0,0,0
1,0,0,0,0,0,0,0,0
1,0,0,0,0,0,0,0,0
1,0,0,0,0,0,0,0,0
1,0,0,0,0,0,0,0,0
1,0,0,0,0,0,0,0,0
1,0,0,0,0,0,0,0,0
1,0,0,0,0,0,0,0,0
1,0,0,0,0,0,0,0,0
1,0,0,0,0,0,0,0,0
1,0,0,0,0,0,0,0,0
1,0,0,0,0,0,0,0,0
1,0,0,0,0,0,0,0,0
1,0,0,0,0,0,0,0,0
1,0,0,0,0,0,0,0,0
1,0,0,0,0,0,0,0,0
1,0,0,0,0,0,0,0,0
1,0,0,0,0,0,0,0,0
1,0,0,0,0,0,0,0,0
1,0,0,0,0,0,0,0,0
1,0,0,0,0,0,0,0,0
1,0,0,0,0,0,0,0,0
1,0,0,0,0,0,0,0,0
1,0,0,0,0,0,0,0,0
1,0,0,0,0,0,0,0,0
1,0,0,0,0,0,0,0,0
1,0,0,0,0,0,0,0,0
1,0,0,0,0,0,0,0,0
1,0,0,0,0,0,0,0,0
1,0,0,0,0,0,0,0,0
1,0,0,0,0,0,0,0,0
1,0,0,0,0,0,0,0,0
1,0,0,0,0,0,0,0,0
1,0,0,0,0,0,0,0,0
1,0,0,0,0,0,0,0,0
1,0,0,0,0,0,0,0,0
1,0,0,0,0,0,0,0,0
1,0,0,0,0,0,0,0,0
1,0,0,0,0,0,0,0,0
1,0,0,0,0,0,0,0,0
1,0,0,0,0,0,0,0,0
1,0,0,0,0,0,0,0,0
1,0,0,0,0,0,0,0,0
1,0,0,0,0,0,0,0,0
1,0,0,0,0,0,0,0,0
1,0,0,0,0,0,0,0,0
1,0,0,0,0,0,0,0,0
1,0,0,0,0,0,0,0,0
1,0,0,0,0,0,0,0,0
1,0,0,0,0,0,0,0,0
1,0,0,0,0,0,0,0,0
1,0,0,0,0,0,0,0,0
1,0,0,0,0,0,0,0,0
1,0,0,0,0,0,0,0,0
1,0,0,0,0,0,0,0,0
1,0,0,0,0,0,0,0,0
1,0,0,0,0,0,0,0,0
1,0,0,0,0,0,0,0,0
1,0,0,0,0,0,0,0,0
1,0,0,0,0,0,0,0,0
1,0,0,0,0,0,0,0,0
1,0,0,0,0,0,0,0,0
1,0,0,0,0,0,0,0,0
1,0,0,0,0,0,0,0,0
1,0,0,0,0,0,0,0,0
1,0,0,0,0,0,0,0,0
1,0,0,0,0,0,0,0,0
1,0,0,0,0,0,0,0,0
1,0,0,0,0,0,0,0,0
1,0,0,0,0,0,0,0,0
1,0,0,0,0,0,0,0,0
1,0,0,0,0,0,0,0,0
1,0,0,0,0,0,0,0,0
1,0,0,0,0,0,0,0,0
1,0,0,0,0,0,0,0,0
1,0,0,0,0,0,0,0,0
1,0,0,0,0,0,0,0,0
1,0,0,0,0,0,0,0,0
1,0,0,0,0,0,0,0,0
1,0,0,0,0,0,0,0,0
1,0,0,0,0,0,0,0,0
1,0,0,0,0,0,0,0,0
1,0,0,0,0,0,0,0,0
1,0,0,0,0,0,0,0,0
1,0,0,0,0,0,0,0,0
1,0,0,0,0,0,0,0,0
1,0,0,0,0,0,0,0,0
1,0,0,0,0,0,0,0,0
1,0,0,0,0,0,0,0,0
1,0,0,0,0,0,0,0,0
1,0,0,0,0,0,0,0,0
1,0,0,0,0,0,0,0,0
1,0,0,0,0,0,0,0,0
1,0,0,0,0,0,0,0,0
1,0,0,0,0,0,0,0,0
1,0,0,0,0,0,0,0,0
1,0,0,0,0,0,0,0,0
1,0,0,0,0,0,0,0,0
1,0,0,0,0,0,0,0,0
1,0,0,0,0,0,0,0,0
1,0,0,0,0,0,0,0,0
1,0,0,0,0,0,0,0,0
1,0,0,0,0,0,0,0,0
1,0,0,0,0,0,0,0,0
1,0,0,0,0,0,0,0,0
1,0,0,0,0,0,0,0,0
1,0,0,0,0,0,0,0,0
1,0,0,0,0,0,0,0,0
1,0,0,0,0,0,0,0,0
1,0,0,0,0,0,0,0,0
1,0,0,0,0,0,0,0,0
1,0,0,0,0,0,0,0,0
1,0,0,0,0,0,0,0,0
1,0,0,0,0,0,0,0,0
1,0,0,0,0,0,0,0,0
1,0,0,0,0,0,0,0,0
1,0,0,0,0,0,0,0,0
1,0,0,0,0,0,0,0,0
1,0,0,0,0,0,0,0,0
1,0,0,0,0,0,0,0,0
1,0,0,0,0,0,0,0,0
1,0,0,0,0,0,0,0,0
1,0,0,0,0,0,0,0,0
1,0,0,0,0,0,0,0,0
1,0,0,0,0,0,0,0,0
1,0,0,0,0,0,0,0,0
1,0,0,0,0,0,0,0,0
1,0,0,0,0,0,0,0,0
1,0,0,0,0,0,0,0,0
1,0,0,0,0,0,0,0,0
1,0,0,0,0,0,0,0,0
1,0,0,0,0,0,0,0,0
1,0,0,0,0,0,0,0,0
1,0,0,0,0,0,0,0,0
1,0,0,0,0,0,0,0,0
1,0,0,0,0,0,0,0,0
1,0,0,0,0,0,0,0,0
1,0,0,0,0,0,0,0,0
1,0,0,0,0,0,0,0,0
1,0,0,0,0,0,0,0,0
1,0,0,0,0,0,0,0,0
1,0,0,0,0,0,0,0,0
1,0,0,0,0,0,0,0,0
1,0,0,0,0,0,0,0,0
1,0,0,0,0,0,0,0,0
1,0,0,0,0,0,0,0,0
1,0,0,0,0,0,0,0,0
1,0,0,0,0,0,0,0,0
1,0,0,0,0,0,0,0,0
1,0,0,0,0,0,0,0,0
1,0,0,0,0,0,0,0,0
1,0,0,0,0,0,0,0,0
1,0,0,0,0,0,0,0,0
1,0,0,0,0,0,0,0,0
1,0,0,0,0,0,0,0,0
1,0,0,0,0,0,0,0,0
1,0,0,0,0,0,0,0,0
1,0,0,0,0,0,0,0,0
1,0,0,0,0,0,0,0,0
1,0,0,0,0,0,0,0,0
1,0,0,0,0,0,0,0,0
1,0,0,0,0,0,0,0,0
1,0,0,0,0,0,0,0,0
1,0,0,0,0,0,0,0,0
1,0,0,0,0,0,0,0,0
1,0,0,0,0,0,0,0,0
1,0,0,0,0,0,0,0,0
1,0,0,0,0,0,0,0,0
1,0,0,0,0,0,0,0,0
1,0,0,0,0,0,0,0,0
1,0,0,0,0,0,0,0,0
1,0,0,0,0,0,0,0,0
1,0,0,0,0,0,0,0,0
1,0,0,0,0,0,0,0,0
1,0,0,0,0,0,0,0,0
1,0,0,0,0,0,0,0,0
1,0,0,0,0,0,0,0,0
1,0,0,0,0,0,0,0,0
1,0,0,0,0,0,0,0,0
1,0,0,0,0,0,0,0,0
1,0,0,0,0,0,0,0,0
1,0,0,0,0,0,0,0,0
1,0,0,0,0,0,0,0,0
1,0,0,0,0,0,0,0,0
1,0,0,0,0,0,0,0,0
1,0,0,0,0,0,0,0,0
1,0,0,0,0,0,0,0,0
1,0,0,0,0,0,0,0,0
1,0,0,0,0,0,0,0,0
1,0,0,0,0,0,0,0,0
1,0,0,0,0,0,0,0,0
1,0,0,0,0,0,0,0,0
1,0,0,0,0,0,0,0,0
1,0,0,0,0,0,0,0,0
1,0,0,0,0,0,0,0,0
1,0,0,0,0,0,0,0,0
1,0,0,0,0,0,0,0,0
1,0,0,0,0,0,0,0,0
1,0,0,0,0,0,0,0,0
1,0,0,0,0,0,0,0,0
1,0,0,0,0,0,0,0,0
1,0,0,0,0,0,0,0,0
1,0,0,0,0,0,0,0,0
1,0,0,0,0,0,0,0,0
1,0,0,0,0,0,0,0,0
1,0,0,0,0,0,0,0,0
1,0,0,0,0,0,0,0,0
1,0,0,0,0,0,0,0,0
1,0,0,0,0,0,0,0,0
1,0,0,0,0,0,0,0,0
1,0,0,0,0,0,0,0,0
1,0,0,0,0,0,0,0,0
1,0,0,0,0,0,0,0,0
1,0,0,0,0,0,0,0,0
1,0,0,0,0,0,0,0,0
1,0,0,0,0,0,0,0,0
1,0,0,0,0,0,0,0,0
1,0,0,0,0,0,0,0,0
1,0,0,0,0,0,0,0,0
1,0,0,0,0,0,0,0,0
1,0,0,0,0,0,0,0,0
1,0,0,0,0,0,0,0,0
1,0,0,0,0,0,0,0,0
1,0,0,0,0,0,0,0,0
1,0,0,0,0,0,0,0,0
1,0,0,0,0,0,0,0,0
1,0,0,0,0,0,0,0,0
1,0,0,0,0,0,0,0,0
1,0,0,0,0,0,0,0,0
1,0,0,0,0,0,0,0,0
1,0,0,0,0,0,0,0,0
1,0,0,0,0,0,0,0,0
1,0,0,0,0,0,0,0,0
1,0,0,0,0,0,0,0,0
1,0,0,0,0,0,0,0,0
1,0,0,0,0,0,0,0,0
1,0,0,0,0,0,0,0,0
1,0,0,0,0,0,0,0,0
1,0,0,0,0,0,0,0,0
1,0,0,0,0,0,0,0,0
1,0,0,0,0,0,0,0,0
1,0,0,0,0,0,0,0,0
1,0,0,0,0,0,0,0,0
1,0,0,0,0,0,0,0,0
1,0,0,0,0,0,0,0,0
1,0,0,0,0,0,0,0,0
1,0,0,0,0,0,0,0,0
1,0,0,0,0,0,0,0,0
1,0,0,0,0,0,0,0,0
1,0,0,0,0,0,0,0,0
1,0,0,0,0,0,0,0,0
1,0,0,0,0,0,0,0,0
1,0,0,0,0,0,0,0,0
1,0,0,0,0,0,0,0,0
1,0,0,0,0,0,0,0,0
1,0,0,0,0,0,0,0,0
1,0,0,0,0,0,0,0,0
1,0,0,0,0,0,0,0,0
1,0,0,0,0,0,0,0,0
1,0,0,0,0,0,0,0,0
1,0,0,0,0,0,0,0,0
1,0,0,0,0,0,0,0,0
1,0,0,0,0,0,0,0,0
1,0,0,0,0,0,0,0,0
1,0,0,0,0,0,0,0,0
1,0,0,0,0,0,0,0,0
1,0,0,0,0,0,0,0,0
1,0,0,0,0,0,0,0,0
1,0,0,0,0,0,0,0,0
1,0,0,0,0,0,0,0,0
1,0,0,0,0,0,0,0,0
1,0,0,0,0,0,0,0,0
1,0,0,0,0,0,0,0,0
1,0,0,0,0,0,0,0,0
1,0,0,0,0,0,0,0,0
1,0,0,0,0,0,0,0,0
1,0,0,0,0,0,0,0,0
1,0,0,0,0,0,0,0,0
1,0,0,0,0,0,0,0,0
1,0,0,0,0,0,0,0,0
1,0,0,0,0,0,0,0,0
1,0,0,0,0,0,0,0,0
1,0,0,0,0,0,0,0,0
1,0,0,0,0,0,0,0,0
1,0,0,0,0,0,0,0,0
1,0,0,0,0,0,0,0,0
1,0,0,0,0,0,0,0,0
1,0,0,0,0,0,0,0,0
1,0,0,0,0,0,0,0,0
1,0,0,0,0,0,0,0,0
1,0,0,0,0,0,0,0,0
1,0,0,0,0,0,0,0,0
1,0,0,0,0,0,0,0,0
1,0,0,0,0,0,0,0,0
1,0,0,0,0,0,0,0,0
1,0,0,0,0,0,0,0,0
1,0,0,0,0,0,0,0,0
1,0,0,0,0,0,0,0,0
1,0,0,0,0,0,0,0,0
1,0,0,0,0,0,0,0,0
1,0,0,0,0,0,0,0,0
1,0,0,0,0,0,0,0,0
1,0,0,0,0,0,0,0,0
1,0,0,0,0,0,0,0,0
1,0,0,0,0,0,0,0,0
1,0,0,0,0,0,0,0,0
1,0,0,0,0,0,0,0,0
1,0,0,0,0,0,0,0,0
1,0,0,0,0,0,0,0,0
1,0,0,0,0,0,0,0,0
1,0,0,0,0,0,0,0,0
1,0,0,0,0,0,0,0,0
1,0,0,0,0,0,0,0,0
1,0,0,0,0,0,0,0,0
1,0,0,0,0,0,0,0,0
1,0,0,0,0,0,0,0,0
1,0,0,0,0,0,0,0,0
1,0,0,0,0,0,0,0,0
1,0,0,0,0,0,0,0,0
1,0,0,0,0,0,0,0,0
1,0,0,0,0,0,0,0,0
1,0,0,0,0,0,0,0,0
1,0,0,0,0,0,0,0,0
1,0,0,0,0,0,0,0,0
1,0,0,0,0,0,0,0,0
1,0,0,0,0,0,0,0,0
1,0,0,0,0,0,0,0,0
1,0,0,0,0,0,0,0,0
1,0,0,0,0,0,0,0,0
1,0,0,0,0,0,0,0,0
1,0,0,0,0,0,0,0,0
1,0,0,0,0,0,0,0,0
1,0,0,0,0,0,0,0,0
1,0,0,0,0,0,0,0,0
1,0,0,0,0,0,0,0,0
1,0,0,0,0,0,0,0,0
1,0,0,0,0,0,0,0,0
1,0,0,0,0,0,0,0,0
1,0,0,0,0,0,0,0,0
1,0,0,0,0,0,0,0,0
1,0,0,0,0,0,0,0,0
1,0,0,0,0,0,0,0,0
1,0,0,0,0,0,0,0,0
1,0,0,0,0,0,0,0,0
1,0,0,0,0,0,0,0,0
1,0,0,0,0,0,0,0,0
1,0,0,0,0,0,0,0,0
1,0,0,0,0,0,0,0,0
1,0,0,0,0,0,0,0,0
1,0,0,0,0,0,0,0,0
1,0,0,0,0,0,0,0,0
1,0,0,0,0,0,0,0,0
1,0,0,0,0,0,0,0,0
1,0,0,0,0,0,0,0,0
1,0,0,0,0,0,0,0,0
1,0,0,0,0,0,0,0,0
1,0,0,0,0,0,0,0,0
1,0,0,0,0,0,0,0,0
1,0,0,0,0,0,0,0,0
1,0,0,0,0,0,0,0,0
1,0,0,0,0,0,0,0,0
1,0,0,0,0,0,0,0,0
1,0,0,0,0,0,0,0,0
1,0,0,0,0,0,0,0,0
1,0,0,0,0,0,0,0,0
1,0,0,0,0,0,0,0,0
1,0,0,0,0,0,0,0,0
1,0,0,0,0,0,0,0,0
1,0,0,0,0,0,0,0,0
1,0,0,0,0,0,0,0,0
1,0,0,0,0,0,0,0,0
1,0,0,0,0,0,0,0,0
1,0,0,0,0,0,0,0,0
1,0,0,0,0,0,0,0,0
1,0,0,0,0,0,0,0,0
1,0,0,0,0,0,0,0,0
0,0,0,0,0,0,0,1,0
0,0,0,0,0,0,0,1,0
0,0,0,0,0,0,0,1,0
0,0,0,0,0,0,0,1,0
0,0,0,0,0,0,0,1,0
0,0,0,0,1,0,0,0,0
0,0,0,0,1,0,0,0,0
0,0,0,0,1,0,0,0,0
0,0,0,0,1,0,0,0,0
0,0,0,0,1,0,0,0,0
0,0,0,1,0,0,0,0,0
0,0,0,0,0,0,1,0,0
0,0,0,0,0,0,1,0,0
0,0,0,0,0,0,1,0,0
0,0,0,0,0,0,1,0,0
0,0,0,0,0,0,1,0,0
0,0,0,0,0,0,1,0,0
0,0,0,0,0,0,1,0,0
0,0,0,0,0,0,1,0,0
0,0,0,0,0,0,1,0,0
0,0,0,0,0,0,1,0,0
0,0,0,0,0,0,1,0,0
0,0,0,0,0,0,1,0,0
0,0,0,0,1,0,0,0,0
0,0,0,0,1,0,0,0,0
0,0,0,0,0,0,1,0,0
0,0,0,0,0,0,1,0,0
0,0,0,0,0,0,1,0,0
0,0,0,0,0,0,1,0,0
0,0,0,0,0,0,1,0,0
0,0,0,0,0,0,1,0,0
0,0,0,0,0,0,1,0,0
0,0,0,0,0,0,1,0,0
0,0,0,0,0,0,1,0,0
0,0,0,0,0,0,1,0,0
0,0,0,0,0,0,1,0,0
0,0,0,0,0,0,1,0,0
0,0,0,0,0,0,1,0,0
0,0,0,0,0,0,1,0,0
0,0,0,0,0,0,1,0,0
0,0,0,0,0,0,1,0,0
0,0,0,0,0,0,1,0,0
0,0,0,0,0,0,1,0,0
0,0,0,0,0,0,1,0,0
0,0,0,0,0,0,1,0,0
0,0,0,0,0,0,1,0,0
0,0,0,0,0,0,1,0,0
0,0,0,0,0,0,1,0,0
0,0,0,0,0,0,1,0,0
0,0,0,0,0,0,1,0,0
0,0,0,0,0,0,1,0,0
0,0,0,0,0,0,1,0,0
0,0,0,0,0,0,1,0,0
0,0,0,0,0,0,1,0,0
0,0,0,0,0,0,1,0,0
0,0,0,0,0,0,1,0,0
0,0,0,0,0,0,1,0,0
0,0,0,0,0,0,1,0,0
0,0,0,0,0,0,1,0,0
0,0,0,0,0,0,1,0,0
0,0,0,0,0,0,1,0,0
0,0,0,0,0,0,1,0,0
0,0,0,0,0,0,1,0,0
0,0,0,0,0,0,1,0,0
0,0,0,0,0,0,1,0,0
0,0,0,0,0,0,1,0,0
0,0,0,0,0,0,1,0,0
0,0,0,0,0,0,1,0,0
0,0,0,0,0,0,1,0,0
0,0,0,0,0,0,1,0,0
0,0,0,0,0,0,1,0,0
0,0,0,0,0,0,1,0,0
0,0,0,0,0,0,1,0,0
0,0,0,0,0,0,1,0,0
0,0,0,0,0,0,1,0,0
0,0,0,0,0,0,1,0,0
0,0,0,0,0,0,1,0,0
0,0,0,0,0,0,1,0,0
0,0,0,0,0,0,1,0,0
0,0,0,0,0,0,1,0,0
0,0,0,0,0,0,1,0,0
0,0,0,0,0,0,1,0,0
0,0,0,0,0,0,1,0,0
0,0,0,0,0,0,1,0,0
0,0,0,0,0,0,1,0,0
0,0,0,0,0,0,1,0,0
0,0,0,0,0,0,1,0,0
0,0,0,0,0,0,1,0,0
0,0,0,0,0,0,1,0,0
0,0,0,0,0,0,1,0,0
0,0,0,0,0,0,1,0,0
0,0,0,0,0,0,1,0,0
0,0,0,0,0,0,1,0,0
0,0,0,0,0,0,1,0,0
0,0,0,0,0,0,1,0,0
0,0,0,0,0,0,1,0,0
0,0,0,0,0,0,1,0,0
0,0,0,0,0,0,1,0,0
0,0,0,0,0,0,1,0,0
0,0,0,0,0,0,1,0,0
0,0,0,0,0,0,1,0,0
0,0,0,0,0,0,1,0,0
0,0,0,0,0,0,1,0,0
0,0,0,0,0,0,1,0,0
0,0,0,0,0,0,1,0,0
0,0,0,0,0,0,1,0,0
0,0,0,0,0,0,1,0,0
0,0,0,0,0,0,1,0,0
0,0,0,0,0,0,1,0,0
0,0,0,0,0,0,1,0,0
0,0,0,0,0,0,1,0,0
0,0,0,0,1,0,0,0,0
0,0,0,0,1,0,0,0,0
0,0,0,0,1,0,0,0,0
0,0,0,0,0,0,1,0,0
0,0,0,0,0,0,1,0,0
0,0,0,0,0,0,1,0,0
0,0,0,0,0,0,1,0,0
0,0,0,0,0,0,1,0,0
0,0,0,0,0,0,1,0,0
0,0,0,0,0,0,1,0,0
0,0,0,0,0,0,1,0,0
0,0,0,0,0,0,1,0,0
0,0,0,0,0,0,1,0,0
0,0,0,0,0,0,1,0,0
0,0,0,0,0,0,1,0,0
0,0,0,0,0,0,1,0,0
0,0,0,0,0,0,1,0,0
0,0,0,0,0,0,1,0,0
0,0,0,0,0,0,1,0,0
0,0,0,0,0,0,1,0,0
0,0,0,0,1,0,0,0,0
0,0,0,0,1,0,0,0,0
0,0,0,0,1,0,0,0,0
0,0,0,0,1,0,0,0,0
0,0,0,0,1,0,0,0,0
0,0,0,0,1,0,0,0,0
0,0,0,0,1,0,0,0,0
0,0,0,0,1,0,0,0,0
0,0,0,0,1,0,0,0,0
0,0,0,0,1,0,0,0,0
0,0,0,0,1,0,0,0,0
0,0,0,0,1,0,0,0,0
0,0,0,0,1,0,0,0,0
0,0,0,0,1,0,0,0,0
0,0,0,0,1,0,0,0,0
0,0,0,0,1,0,0,0,0
0,0,0,0,1,0,0,0,0
0,0,0,0,1,0,0,0,0
0,0,0,0,1,0,0,0,0
0,0,0,0,1,0,0,0,0
0,0,0,0,1,0,0,0,0
0,0,0,0,1,0,0,0,0
0,0,0,0,1,0,0,0,0
0,0,0,0,1,0,0,0,0
0,0,0,0,1,0,0,0,0
0,0,0,0,1,0,0,0,0
0,0,0,0,1,0,0,0,0
0,0,0,0,1,0,0,0,0
0,0,0,0,1,0,0,0,0
0,0,0,0,1,0,0,0,0
0,0,0,0,1,0,0,0,0
0,0,0,0,1,0,0,0,0
0,0,0,0,1,0,0,0,0
0,0,0,0,1,0,0,0,0
0,0,0,0,1,0,0,0,0
0,0,0,0,1,0,0,0,0
0,0,0,0,1,0,0,0,0
0,0,0,0,1,0,0,0,0
0,0,0,0,1,0,0,0,0
0,0,0,0,1,0,0,0,0
0,0,0,0,1,0,0,0,0
0,0,0,0,1,0,0,0,0
0,0,0,0,1,0,0,0,0
0,0,0,0,1,0,0,0,0
0,0,0,0,1,0,0,0,0
0,0,0,0,1,0,0,0,0
0,0,0,0,1,0,0,0,0
0,0,0,0,1,0,0,0,0
0,0,0,0,1,0,0,0,0
0,0,0,0,1,0,0,0,0
0,0,0,0,1,0,0,0,0
0,0,0,0,1,0,0,0,0
0,0,0,0,1,0,0,0,0
0,0,0,0,1,0,0,0,0
0,0,0,0,1,0,0,0,0
0,0,0,0,1,0,0,0,0
0,0,0,0,1,0,0,0,0
0,0,0,0,1,0,0,0,0
0,0,0,0,1,0,0,0,0
0,0,0,0,1,0,0,0,0
0,0,0,0,1,0,0,0,0
0,0,0,0,1,0,0,0,0
0,0,0,0,1,0,0,0,0
0,0,0,0,1,0,0,0,0
0,0,0,0,1,0,0,0,0
0,0,0,0,1,0,0,0,0
0,0,0,0,1,0,0,0,0
0,0,0,0,1,0,0,0,0
0,0,0,0,1,0,0,0,0
0,0,0,0,1,0,0,0,0
0,0,0,0,1,0,0,0,0
1,0,0,0,0,0,0,0,0
0,0,0,0,1,0,0,0,0
0,0,0,0,1,0,0,0,0
0,0,0,0,1,0,0,0,0
0,0,0,0,1,0,0,0,0
1,0,0,0,0,0,0,0,0
1,0,0,0,0,0,0,0,0
1,0,0,0,0,0,0,0,0
1,0,0,0,0,0,0,0,0
1,0,0,0,0,0,0,0,0
1,0,0,0,0,0,0,0,0
1,0,0,0,0,0,0,0,0
1,0,0,0,0,0,0,0,0
1,0,0,0,0,0,0,0,0
1,0,0,0,0,0,0,0,0
1,0,0,0,0,0,0,0,0
1,0,0,0,0,0,0,0,0
1,0,0,0,0,0,0,0,0
1,0,0,0,0,0,0,0,0
1,0,0,0,0,0,0,0,0
1,0,0,0,0,0,0,0,0
1,0,0,0,0,0,0,0,0
1,0,0,0,0,0,0,0,0
1,0,0,0,0,0,0,0,0
1,0,0,0,0,0,0,0,0
0,0,0,0,1,0,0,0,0
0,0,0,0,1,0,0,0,0
0,0,0,0,1,0,0,0,0
0,0,0,0,1,0,0,0,0
0,0,0,0,1,0,0,0,0
0,0,0,0,0,0,0,1,0
0,0,0,0,0,0,0,1,0
0,0,0,0,0,0,0,1,0
0,0,0,0,0,0,0,1,0
0,0,0,0,0,0,0,1,0
0,0,0,0,0,0,0,1,0
0,0,0,0,0,0,0,1,0
0,0,0,0,0,0,0,1,0
0,0,0,0,0,0,0,1,0
0,0,0,0,0,0,0,1,0
0,0,0,0,0,0,0,1,0
0,0,0,0,0,0,0,1,0
0,0,0,0,0,0,0,1,0
0,0,0,0,0,0,0,1,0
0,0,0,0,0,0,0,1,0
0,0,0,0,0,0,0,1,0
0,0,0,0,0,0,0,1,0
0,0,0,0,1,0,0,0,0
0,0,0,0,1,0,0,0,0
0,0,0,0,1,0,0,0,0
0,0,0,0,1,0,0,0,0
0,0,0,0,1,0,0,0,0
0,0,0,0,1,0,0,0,0
0,0,0,0,1,0,0,0,0
0,0,0,0,1,0,0,0,0
0,0,0,0,1,0,0,0,0
0,0,0,0,1,0,0,0,0
0,0,0,0,1,0,0,0,0
1,0,0,0,0,0,0,0,0
1,0,0,0,0,0,0,0,0
0,0,0,0,1,0,0,0,0
0,0,0,0,1,0,0,0,0
0,0,0,0,1,0,0,0,0
0,0,0,0,1,0,0,0,0
0,0,0,0,1,0,0,0,0
0,0,0,0,1,0,0,0,0
0,0,0,0,1,0,0,0,0
0,0,0,0,1,0,0,0,0
0,0,0,0,1,0,0,0,0
0,0,0,0,1,0,0,0,0
1,0,0,0,0,0,0,0,0
1,0,0,0,0,0,0,0,0
0,0,0,0,1,0,0,0,0
0,0,0,0,1,0,0,0,0
0,0,0,0,1,0,0,0,0
0,0,0,0,1,0,0,0,0
0,0,0,0,1,0,0,0,0
1,0,0,0,0,0,0,0,0
0,0,0,0,1,0,0,0,0
0,0,0,0,0,0,0,1,0
0,0,0,0,0,0,0,1,0
0,0,0,0,0,0,0,1,0
0,0,0,0,0,0,0,1,0
0,0,0,0,0,0,0,1,0
0,0,0,0,1,0,0,0,0
0,0,0,0,1,0,0,0,0
0,0,0,0,1,0,0,0,0
0,0,0,0,1,0,0,0,0
1,0,0,0,0,0,0,0,0
0,0,0,0,1,0,0,0,0
0,0,0,0,1,0,0,0,0
1,0,0,0,0,0,0,0,0
1,0,0,0,0,0,0,0,0
1,0,0,0,0,0,0,0,0
1,0,0,0,0,0,0,0,0
1,0,0,0,0,0,0,0,0
1,0,0,0,0,0,0,0,0
1,0,0,0,0,0,0,0,0
1,0,0,0,0,0,0,0,0
1,0,0,0,0,0,0,0,0
1,0,0,0,0,0,0,0,0
1,0,0,0,0,0,0,0,0
1,0,0,0,0,0,0,0,0
1,0,0,0,0,0,0,0,0
1,0,0,0,0,0,0,0,0
1,0,0,0,0,0,0,0,0
1,0,0,0,0,0,0,0,0
1,0,0,0,0,0,0,0,0
1,0,0,0,0,0,0,0,0
1,0,0,0,0,0,0,0,0
1,0,0,0,0,0,0,0,0
1,0,0,0,0,0,0,0,0
1,0,0,0,0,0,0,0,0
1,0,0,0,0,0,0,0,0
1,0,0,0,0,0,0,0,0
1,0,0,0,0,0,0,0,0
1,0,0,0,0,0,0,0,0
1,0,0,0,0,0,0,0,0
1,0,0,0,0,0,0,0,0
1,0,0,0,0,0,0,0,0
1,0,0,0,0,0,0,0,0
1,0,0,0,0,0,0,0,0
1,0,0,0,0,0,0,0,0
1,0,0,0,0,0,0,0,0
1,0,0,0,0,0,0,0,0
1,0,0,0,0,0,0,0,0
1,0,0,0,0,0,0,0,0
1,0,0,0,0,0,0,0,0
1,0,0,0,0,0,0,0,0
1,0,0,0,0,0,0,0,0
1,0,0,0,0,0,0,0,0
1,0,0,0,0,0,0,0,0
1,0,0,0,0,0,0,0,0
1,0,0,0,0,0,0,0,0
1,0,0,0,0,0,0,0,0
1,0,0,0,0,0,0,0,0
1,0,0,0,0,0,0,0,0
1,0,0,0,0,0,0,0,0
1,0,0,0,0,0,0,0,0
1,0,0,0,0,0,0,0,0
1,0,0,0,0,0,0,0,0
0,0,0,0,1,0,0,0,0
0,0,0,0,1,0,0,0,0
0,0,0,0,1,0,0,0,0
0,0,0,0,1,0,0,0,0
0,0,0,0,1,0,0,0,0
0,0,0,0,1,0,0,0,0
0,0,0,0,1,0,0,0,0
0,0,0,0,1,0,0,0,0
0,0,0,0,1,0,0,0,0
0,0,0,0,1,0,0,0,0
0,0,0,0,0,0,0,1,0
0,0,0,0,0,0,0,1,0
0,0,0,0,0,0,0,1,0
0,0,0,0,0,0,0,1,0
0,0,0,0,0,0,0,1,0
0,0,0,0,0,0,0,1,0
0,0,0,0,0,0,0,1,0
1,0,0,0,0,0,0,0,0
1,0,0,0,0,0,0,0,0
1,0,0,0,0,0,0,0,0
1,0,0,0,0,0,0,0,0
1,0,0,0,0,0,0,0,0
1,0,0,0,0,0,0,0,0
1,0,0,0,0,0,0,0,0
1,0,0,0,0,0,0,0,0
1,0,0,0,0,0,0,0,0
1,0,0,0,0,0,0,0,0
1,0,0,0,0,0,0,0,0
1,0,0,0,0,0,0,0,0
1,0,0,0,0,0,0,0,0
1,0,0,0,0,0,0,0,0
1,0,0,0,0,0,0,0,0
1,0,0,0,0,0,0,0,0
1,0,0,0,0,0,0,0,0
1,0,0,0,0,0,0,0,0
1,0,0,0,0,0,0,0,0
1,0,0,0,0,0,0,0,0
1,0,0,0,0,0,0,0,0
1,0,0,0,0,0,0,0,0
1,0,0,0,0,0,0,0,0
1,0,0,0,0,0,0,0,0
0,0,0,0,1,0,0,0,0
1,0,0,0,0,0,0,0,0
1,0,0,0,0,0,0,0,0
1,0,0,0,0,0,0,0,0
1,0,0,0,0,0,0,0,0
1,0,0,0,0,0,0,0,0
1,0,0,0,0,0,0,0,0
0,0,0,0,1,0,0,0,0
0,0,0,0,0,0,0,1,0
0,0,0,0,1,0,0,0,0
0,0,0,0,0,0,0,1,0
0,0,0,0,0,0,0,1,0
1,0,0,0,0,0,0,0,0
1,0,0,0,0,0,0,0,0
1,0,0,0,0,0,0,0,0
0,0,0,0,0,0,0,1,0
0,0,0,0,0,0,0,1,0
0,0,0,0,0,0,0,1,0
0,0,0,0,1,0,0,0,0
0,0,0,0,1,0,0,0,0
0,0,0,0,1,0,0,0,0
0,0,0,0,1,0,0,0,0
0,0,0,0,1,0,0,0,0
0,0,0,0,1,0,0,0,0
0,0,0,0,1,0,0,0,0
0,0,0,0,1,0,0,0,0
0,0,0,0,1,0,0,0,0
0,0,0,0,1,0,0,0,0
0,0,0,0,1,0,0,0,0
0,0,0,0,1,0,0,0,0
0,0,0,0,0,0,0,1,0
0,0,0,0,0,0,0,1,0
0,0,0,0,1,0,0,0,0
0,0,0,0,1,0,0,0,0
0,0,0,0,0,0,0,1,0
0,0,0,0,0,0,0,1,0
0,0,0,0,0,0,0,1,0
0,0,0,0,0,0,0,1,0
0,0,0,0,0,0,0,1,0
0,0,0,0,0,0,0,1,0
0,0,0,0,0,0,0,1,0
0,0,0,0,0,0,0,1,0
0,0,0,0,0,0,0,1,0
0,0,0,0,0,0,0,0,1
0,0,0,0,0,0,0,0,1
0,0,0,0,0,0,0,0,1
0,0,0,0,0,0,0,0,1
0,0,0,0,0,0,0,0,1
0,0,0,0,0,0,0,0,1
0,0,0,0,0,0,0,0,1
0,0,0,0,0,0,0,0,1
0,0,0,0,0,0,0,0,1
0,0,0,0,0,0,0,0,1
0,0,0,0,0,0,0,0,1
0,0,0,0,0,0,0,0,1
0,0,0,0,0,0,0,0,1
0,0,0,0,0,0,0,0,1
0,0,0,0,0,0,0,0,1
0,0,0,0,0,0,0,0,1
0,0,0,0,0,0,0,0,1
0,0,0,0,0,0,0,0,1
0,0,0,0,0,0,0,0,1
0,0,0,0,0,0,0,0,1
0,0,0,0,0,0,0,0,1
0,0,0,0,0,0,0,0,1
0,0,0,0,0,0,0,0,1
0,0,0,0,0,0,0,0,1
0,0,0,0,0,0,0,0,1
0,0,0,0,0,0,0,0,1
0,0,0,0,0,0,0,0,1
0,0,0,0,0,0,0,0,1
0,0,0,0,0,0,0,0,1
0,0,0,0,0,0,0,0,1
0,0,0,0,0,0,0,0,1
0,0,0,0,0,0,0,0,1
0,0,0,0,0,0,0,1,0
0,0,0,0,0,0,0,1,0
0,0,0,0,0,0,0,1,0
0,0,0,0,0,0,0,1,0
0,0,0,0,0,0,0,1,0
0,0,0,0,0,0,0,0,1
0,0,0,0,0,0,0,0,1
0,0,0,0,0,0,0,0,1
0,0,0,0,1,0,0,0,0
0,0,0,0,1,0,0,0,0
0,0,0,0,0,0,0,0,1
0,0,0,0,0,0,0,0,1
0,0,0,0,0,0,0,0,1
0,0,0,0,0,0,0,0,1
0,0,0,0,0,0,0,0,1
0,0,0,0,0,0,0,1,0
0,0,0,0,0,0,0,0,1
0,0,0,0,0,0,0,0,1
0,0,0,0,0,0,0,1,0
0,0,0,0,0,0,0,0,1
0,0,0,0,0,0,0,0,1
0,0,0,0,0,0,0,0,1
0,0,0,0,0,0,0,0,1
0,0,0,0,0,0,0,0,1
0,0,0,0,0,0,0,0,1
0,0,0,0,0,0,0,0,1
0,0,0,0,0,0,0,0,1
0,0,0,0,0,0,0,0,1
0,0,0,0,0,0,0,0,1
0,0,0,0,0,0,0,0,1
0,0,0,0,0,0,0,0,1
0,0,0,0,0,0,0,0,1
0,0,0,0,0,0,0,0,1
0,0,0,0,0,0,0,0,1
0,0,0,0,0,0,0,0,1
0,0,0,0,0,0,0,0,1
0,0,0,0,0,0,0,0,1
0,0,0,0,0,0,0,0,1
0,0,0,0,0,0,0,0,1
0,0,0,0,0,0,0,0,1
0,0,0,0,0,0,0,0,1
0,0,0,0,0,0,0,0,1
0,0,0,0,0,0,0,0,1
0,0,0,0,0,0,0,0,1
0,0,0,0,0,0,0,0,1
0,0,0,0,0,0,0,0,1
0,0,0,0,0,0,0,0,1
0,0,0,0,0,0,0,0,1
0,0,0,0,0,0,0,0,1
0,0,0,0,0,0,0,0,1
0,0,0,0,0,0,0,0,1
0,0,0,0,0,0,0,0,1
0,0,0,0,0,0,0,0,1
0,0,0,0,0,0,0,1,0
0,0,0,0,0,0,0,0,1
0,0,0,0,0,0,0,0,1
0,0,0,0,0,0,0,0,1
0,0,0,0,0,0,0,0,1
0,0,0,0,0,0,0,0,1
0,0,0,0,0,0,0,0,1
0,0,0,0,0,0,0,0,1
0,0,0,0,0,0,0,1,0
0,0,0,0,0,0,0,0,1
0,0,0,0,0,0,0,0,1
0,0,0,0,0,0,0,1,0
0,0,0,0,0,0,0,1,0
0,0,0,0,0,0,0,1,0
0,0,0,0,0,0,0,1,0
0,0,0,0,0,0,0,1,0
0,0,0,0,0,0,0,0,1
0,0,0,0,0,0,0,1,0
0,0,0,0,0,0,0,1,0
0,0,0,0,0,0,0,1,0
0,0,0,0,0,0,0,0,1
0,0,0,0,0,0,0,0,1
0,0,0,0,0,0,0,0,1
0,0,0,0,0,0,0,1,0
0,0,0,0,0,0,0,1,0
0,0,0,0,0,0,0,0,1
0,0,0,0,1,0,0,0,0
0,0,0,0,1,0,0,0,0
0,0,0,0,1,0,0,0,0
1,0,0,0,0,0,0,0,0
1,0,0,0,0,0,0,0,0
1,0,0,0,0,0,0,0,0
1,0,0,0,0,0,0,0,0
1,0,0,0,0,0,0,0,0
1,0,0,0,0,0,0,0,0
1,0,0,0,0,0,0,0,0
1,0,0,0,0,0,0,0,0
1,0,0,0,0,0,0,0,0
1,0,0,0,0,0,0,0,0
1,0,0,0,0,0,0,0,0
1,0,0,0,0,0,0,0,0
1,0,0,0,0,0,0,0,0
1,0,0,0,0,0,0,0,0
1,0,0,0,0,0,0,0,0
1,0,0,0,0,0,0,0,0
1,0,0,0,0,0,0,0,0
1,0,0,0,0,0,0,0,0
1,0,0,0,0,0,0,0,0
1,0,0,0,0,0,0,0,0
1,0,0,0,0,0,0,0,0
1,0,0,0,0,0,0,0,0
1,0,0,0,0,0,0,0,0
1,0,0,0,0,0,0,0,0
1,0,0,0,0,0,0,0,0
1,0,0,0,0,0,0,0,0
1,0,0,0,0,0,0,0,0
1,0,0,0,0,0,0,0,0
0,0,0,0,1,0,0,0,0
0,0,0,0,0,0,0,0,1
0,0,0,0,0,0,0,0,1
1,0,0,0,0,0,0,0,0
1,0,0,0,0,0,0,0,0
0,0,0,0,1,0,0,0,0
0,0,0,0,1,0,0,0,0
1,0,0,0,0,0,0,0,0
1,0,0,0,0,0,0,0,0
1,0,0,0,0,0,0,0,0
1,0,0,0,0,0,0,0,0
1,0,0,0,0,0,0,0,0
1,0,0,0,0,0,0,0,0
1,0,0,0,0,0,0,0,0
0,0,0,0,1,0,0,0,0
1,0,0,0,0,0,0,0,0
0,0,0,0,1,0,0,0,0
